-- --------------------------------------------------------
-- Хост:                         127.0.0.1
-- Версия сервера:               5.6.31 - MySQL Community Server (GPL)
-- ОС Сервера:                   Win64
-- HeidiSQL Версия:              9.3.0.4984
-- --------------------------------------------------------

/*!40101 SET @OLD_CHARACTER_SET_CLIENT=@@CHARACTER_SET_CLIENT */;
/*!40101 SET NAMES utf8mb4 */;
/*!40014 SET @OLD_FOREIGN_KEY_CHECKS=@@FOREIGN_KEY_CHECKS, FOREIGN_KEY_CHECKS=0 */;
/*!40101 SET @OLD_SQL_MODE=@@SQL_MODE, SQL_MODE='NO_AUTO_VALUE_ON_ZERO' */;

-- Дамп структуры базы данных scc
CREATE DATABASE IF NOT EXISTS `scc` /*!40100 DEFAULT CHARACTER SET utf8 */;
USE `scc`;


-- Дамп структуры для таблица scc.companies
CREATE TABLE IF NOT EXISTS `companies` (
  `id` int(10) unsigned NOT NULL AUTO_INCREMENT,
  `name` varchar(255) DEFAULT NULL,
  `alias` varchar(100) NOT NULL,
  `logo` varchar(255) DEFAULT '',
  `emailSender` varchar(100) DEFAULT NULL,
  `image1` varchar(255) DEFAULT '',
  `image2` varchar(255) DEFAULT '',
  `image3` varchar(255) DEFAULT '',
  `points` varchar(255) DEFAULT NULL,
  `defaultLocaleId` int(3) unsigned NOT NULL,
  `webShop` char(1) NOT NULL DEFAULT '0',
  `syncUrl` char(1) NOT NULL DEFAULT '0',
  `receiptPhoto` char(1) NOT NULL DEFAULT '0',
  `booking` char(1) NOT NULL DEFAULT '0',
  `multipleLocations` char(1) NOT NULL DEFAULT '0',
  `postsSent` int(11) NOT NULL DEFAULT '0',
  `appStore` varchar(2083) DEFAULT NULL,
  `googlePlay` varchar(2083) DEFAULT NULL,
  `key1` varchar(255) DEFAULT NULL,
  `key2` varchar(255) DEFAULT NULL,
  `key3` varchar(255) DEFAULT NULL,
  `pushPackageAndroid` varchar(50) DEFAULT NULL,
  `pushPackageIos` varchar(50) DEFAULT NULL,
  PRIMARY KEY (`id`),
  KEY `defaultLocaleId` (`defaultLocaleId`),
  CONSTRAINT `companies_ibfk_1` FOREIGN KEY (`defaultLocaleId`) REFERENCES `locale` (`id`)
) ENGINE=InnoDB AUTO_INCREMENT=10 DEFAULT CHARSET=utf8;

-- Дамп данных таблицы te2.companies: ~6 rows (приблизительно)
DELETE FROM `companies`;
/*!40000 ALTER TABLE `companies` DISABLE KEYS */;
INSERT INTO `companies` (`id`, `name`, `alias`, `logo`, `emailSender`, `image1`, `image2`, `image3`, `points`, `defaultLocaleId`, `webShop`, `syncUrl`, `receiptPhoto`, `booking`, `multipleLocations`, `postsSent`, `appStore`, `googlePlay`, `key1`, `key2`, `key3`, `pushPackageAndroid`, `pushPackageIos`) VALUES
	(1, 'Your Brand Name Goes Here', 'clientcard', '/upload/1/logo_1307440489.png', 'NULL', '/upload/image/74dc9173895e0f9a1819ae11ffb89723.jpg', '/upload/image/00c3dbd008dec5c1e7a0cd46c9c1bad2.jpg', '/upload/1/slider3_1877514762.jpg', '1', 2, '1', '0', '1', '1', '1', 1236, 'https://itunes.apple.com/us/app/client-card/id1033935521?mt=8', 'https://play.google.com/store/apps/details?id=ch.clientcard.android', 'a7gDPTTM9RaO4eNqv21RnzM3RRPI4qxoLcM3yDC8', 'fXKWM2X4rYDjx0sjHTP1BcltUZXR9tBC0dVW5g61', 'ogQn6OUCw5sSfNfTa9TWDC6bSok0eEacQUI0JCMD', 'android.clientcard.test', 'ios.clientcard.test'),
	(4, 'EatMe', 'eatme', '/upload/c514ac8ccda445008ab2234ea8c8cc50.jpg', 'NULL', '/upload/163825579a57108d767c8cb432b6bffc.jpg', '/upload/a960e5aa0485812aaee41156e133f9b5.jpg', '/upload/0ba26a5b777f9e99f0fec41a63241e52.jpg', '1', 2, '0', '0', '1', '0', '0', 0, 'https://itunes.apple.com/us/app/eat-me/id1088736426?ls=1&mt=8', 'https://play.google.com/store/apps/details?id=ch.clientcard.eatme', 'ISbDu4vgGcv1q4XIBcYr0qmMlGkgm6ktk5YUaHrZ', '46hIwYqludD23m6Lene9doxA7bIrQUGIZfT4u97D', 'mksKei3MuPfVawcqNZp6qYepHQjvgoyfHPNoO1uo', 'android.eatme.test', 'ios.eatme.test'),
	(5, 'Aspire', 'aspire', '/upload/52918ccb813a82547c62c4389b57c78d.jpg', 'NULL', '/upload/17146f176c2f6b8b847b81218278ab8f.jpg', '/upload/8511d1d049f2e7bdb4b3bcbb0d50151d.jpg', '/upload/4ac81bd118ba556e7a99278f13a9a05b.jpg', '1', 2, '0', '0', '0', '0', '0', 0, 'NULL', 'NULL', 'lznhibYo02T2jMU7KSNandWVjrbWcBJSlvyvtaY4', 'h32SUUA0l523d8QLRvzZhdRU4RBqUYVw5NSjUl0R', 'rlu7Y660mpe9USDK3GUcMok50a4SOFYbXE1IWu5B', 'NULL', 'NULL'),
	(6, 'Clean Cars', 'cleancars', '/upload/b6130552966e1672b7b1796e2a5a347a.jpg', 'NULL', '/upload/b053eaf94f2d1fd1db618902f539d96b.jpg', 'NULL', 'NULL', '10', 2, '0', '0', '0', '1', '1', 0, 'https://itunes.apple.com/us/app/cleancars/id1135867286?mt=8', 'https://play.google.com/store/apps/details?id=ch.clientcard.android', 'uEO4VQTlfFGiXkeKgUmA751fsxIHDKRbr63diAUK', 'USSDjSQODD4yiMlRcYLa8XGVW4zGwMt03e206gsS', '9M89fjAxlDnXksa1Xg9Lb2foNcP1ckQegj8g3rHq', 'android.cleancars.test', 'ios.cleancars.test'),
	(7, 'Crazy Prices', 'crazyprices', '/upload/30586e82145ea6d138300c52fb82cbeb.jpg', 'NULL', '/upload/e8973fb46ab5c97c105d991aa7b0157a.jpg', '/upload/111ba5a67c6c2c96f3f7f577d557a611.jpg', '/upload/ac56dfdf2778e418ccca7a6976d1c870.jpg', '1', 2, '1', '1', '0', '0', '0', 0, 'https://itunes.apple.com/us/app/crazy-prices/id1100555395?ls=1&mt=8', 'https://play.google.com/store/apps/details?id=ch.clientcard.crazyprices', 'K470AeNXS7MHhzuokUKwDRGuHQ8SEkPQ97GPSrDB', '9505tTsai51SFlfg7yA2SHXfZ30omm4YIz5UEpeb', '0THsrGDaSCbGZWLcmYYdQVvjljeADq7y9rqrDfZb', 'android.crazyprices.test', 'ios.crazyprices.test'),
	(9, 'Lunettes Epalinges', 'lunettes', '/upload/1632a9b20cb74e34694619b6155af7fe.jpg', 'NULL', '/upload/ec6e5fed1992920be278ce5b993626d4.jpg', '/upload/5760879809c2be6300e8643bb43f85ac.jpg', '/upload/ba97b848020a472f573c2a31ae4e4f31.jpg', '10', 2, '0', '0', '0', '0', '0', 0, 'https://itunes.apple.com/us/app/lunettes/id1136168912?l=ru&ls=1&mt=8', 'https://play.google.com/store/apps/details?id=ch.clientcard.lunettes', '3q7Urs649KJHUr9aXKUOn4rpxhlSLqujEkSM3zdd', 'Aho4cGFwV3AXlXbjtg1zFWqCkhbvXhiVlQ7C8qcI', 'F1nC2oCKIPqhVk0SMjYl2wUBeg1o8ohScU0C78f8', 'android.optic2000.test', 'ios.lunettes.test');
/*!40000 ALTER TABLE `companies` ENABLE KEYS */;


-- Дамп структуры для таблица te2.companies_info
CREATE TABLE IF NOT EXISTS `companies_info` (
  `id` int(10) unsigned NOT NULL AUTO_INCREMENT,
  `companyId` int(10) unsigned NOT NULL,
  `localeId` int(3) unsigned NOT NULL,
  `about` text NOT NULL,
  `bonus` text NOT NULL,
  `privacy` text NOT NULL,
  `terms` text NOT NULL,
  PRIMARY KEY (`id`),
  KEY `companyId` (`companyId`),
  KEY `localeId` (`localeId`),
  CONSTRAINT `companies_info_ibfk_1` FOREIGN KEY (`localeId`) REFERENCES `locale` (`id`),
  CONSTRAINT `companies_info_ibfk_2` FOREIGN KEY (`companyId`) REFERENCES `companies` (`id`) ON DELETE CASCADE ON UPDATE CASCADE
) ENGINE=InnoDB AUTO_INCREMENT=21 DEFAULT CHARSET=utf8;

-- Дамп данных таблицы te2.companies_info: ~12 rows (приблизительно)
DELETE FROM `companies_info`;
/*!40000 ALTER TABLE `companies_info` DISABLE KEYS */;
INSERT INTO `companies_info` (`id`, `companyId`, `localeId`, `about`, `bonus`, `privacy`, `terms`) VALUES
	(1, 1, 1, '<h2 class=\\\\\\"m_h2\\\\\\">%company_name% next generation loyalty card</h2>\n<p class=\\\\\\"title_p\\\\\\">You can <b>forget - plastic card</b> or misplace them but digital loyalty card always stays with you in your smartphone.</p>\n<p class=\\\\\\"title_p\\\\\\">Now you can see your <b>points</b></p>\n<img src=\\\\\\"/mobile/images/r_points.png\\\\\\" class=\\\\\\"m_img\\\\\\">\n<p class=\\\\\\"title_p\\\\\\">and <b>rewards</b>  you can spend them on.</p>\n<img src=\\\\\\"/mobile/images/m_rewards_img.png\\\\\\" class=\\\\\\"m_img\\\\\\">\n<p class=\\\\\\"title_p\\\\\\">Stay up to date with latest <b>news, event invitations</b> and <b>other amazing stuff</b> at your favorite place.</p>\n<img src=\\\\\\"/mobile/images/refresh.png\\\\\\" class=\\\\\\"m_img\\\\\\">', '\n				<!-- Nav tabs -->\n				<ul class=\\\\\\"nav nav-tabs\\\\\\" role=\\\\\\"tablist\\\\\\">\n					<li role=\\\\\\"presentation\\\\\\" class=\\\\\\"active nav_tabs\\\\\\">\n						<a href=\\\\\\"#get_points\\\\\\" aria-controls=\\\\\\"home\\\\\\" role=\\\\\\"tab\\\\\\" data-toggle=\\\\\\"tab\\\\\\">Get Points</a>\n					</li>\n					<li role=\\\\\\"presentation\\\\\\">\n						<a href=\\\\\\"#claim_reward\\\\\\" class=\\\\\\"nav_tabs\\\\\\" aria-controls=\\\\\\"profile\\\\\\" role=\\\\\\"tab\\\\\\" data-toggle=\\\\\\"tab\\\\\\">Claim Reward</a>\n					</li>\n				</ul>\n				<div class=\\\\\\"m_content_wrapper\\\\\\">\n					<!-- Tab panes -->\n					<div class=\\\\\\"tab-content\\\\\\">\n						<div role=\\\\\\"tabpanel\\\\\\" class=\\\\\\"tab-pane active get_points\\\\\\" id=\\\\\\"get_points\\\\\\">\n							<!-- Carousel -->\n						   <div id=\\\\\\"carousel-example-generic\\\\\\" class=\\\\\\"carousel slide\\\\\\" data-ride=\\\\\\"carousel\\\\\\" data-interval=\\\\\\"false\\\\\\">\n								<!-- Wrapper for slides -->\n								<div class=\\\\\\"carousel-inner\\\\\\">\n									<div class=\\\\\\"item active\\\\\\">\n										<p class=\\\\\\"tab_heading\\\\\\">Getting reward points easy as 1-2-3</p>\n										<img src=\\\\\\"/mobile/images/get_points_1.png\\\\\\">\n										<div class=\\\\\\"slide_title\\\\\\">\n											<div class=\\\\\\"big_number\\\\\\">1</div>\n											<p class=\\\\\\"step_title first\\\\\\">Card screen is your digital Loyalty card.</p>\n											<p class=\\\\\\"step_title second\\\\\\">Show your card screen when you are paying the bill.</p>\n											<p class=\\\\\\"green_slogan\\\\\\">Spend 1 %currency% and get %points% POINTS</p>\n										</div>\n									</div>\n									<div class=\\\\\\"item\\\\\\">\n										<img src=\\\\\\"/mobile/images/get_points_2.png\\\\\\">\n										<div class=\\\\\\"slide_title\\\\\\">\n											<div class=\\\\\\"big_number\\\\\\">2</div>\n											<p class=\\\\\\"step_title first\\\\\\">Adding points</p>\n											<p class=\\\\\\"step_title\\\\\\">Your card screen will be scanned - according to the bill amount points will be added to your account.</p>\n										</div>\n									</div>\n									<div class=\\\\\\"item\\\\\\">\n										<img src=\\\\\\"/mobile/images/get_points_3.png\\\\\\">\n										<div class=\\\\\\"slide_title\\\\\\">\n											<div class=\\\\\\"big_number\\\\\\">3</div>\n											<p class=\\\\\\"step_title first\\\\\\">More points to spend</p>\n											<p class=\\\\\\"step_title\\\\\\">Refresh your points - by pulling down card screen. System will get new data and update points on your screen.</p>\n										</div>\n									</div>\n								</div>\n							 \n								<!-- Controls -->\n								<a class=\\\\\\"left carousel-control\\\\\\" href=\\\\\\"#carousel-example-generic\\\\\\" role=\\\\\\"button\\\\\\" data-slide=\\\\\\"prev\\\\\\">\n									<div class=\\\\\\"glyphicon-box gl-left-box\\\\\\"><i class=\\\\\\"fa fa-angle-left\\\\\\"></i></span></div>\n								</a>\n								<a class=\\\\\\"right carousel-control\\\\\\" href=\\\\\\"#carousel-example-generic\\\\\\" role=\\\\\\"button\\\\\\" data-slide=\\\\\\"next\\\\\\">\n									<div class=\\\\\\"glyphicon-box gl-righ-box\\\\\\"><i class=\\\\\\"fa fa-angle-right\\\\\\"></i></div>\n								</a>\n								<!-- Indicators -->\n								<ol class=\\\\\\"carousel-indicators\\\\\\">\n									<li data-target=\\\\\\"#carousel-example-generic\\\\\\" data-slide-to=\\\\\\"0\\\\\\" class=\\\\\\"active\\\\\\"><div class=\\\\\\"num_inner\\\\\\">1</div></li>\n									<li data-target=\\\\\\"#carousel-example-generic\\\\\\" data-slide-to=\\\\\\"1\\\\\\"><div class=\\\\\\"num_inner\\\\\\">2</div></li>\n									<li data-target=\\\\\\"#carousel-example-generic\\\\\\" data-slide-to=\\\\\\"2\\\\\\"><div class=\\\\\\"num_inner\\\\\\">3</div></li>\n								</ol>\n							</div> <!-- Carousel -->\n						</div>\n						<div role=\\\\\\"tabpanel\\\\\\" class=\\\\\\"tab-pane\\\\\\" id=\\\\\\"claim_reward\\\\\\">\n							<!-- Carousel -->\n						   <div id=\\\\\\"carousel-example-generic2\\\\\\" class=\\\\\\"carousel slide\\\\\\" data-ride=\\\\\\"carousel\\\\\\" data-interval=\\\\\\"false\\\\\\">\n								<!-- Wrapper for slides -->\n								<div class=\\\\\\"carousel-inner\\\\\\">\n									<div class=\\\\\\"item active\\\\\\">\n										<img src=\\\\\\"/mobile/images/claim_reward_1.png\\\\\\">\n										<div class=\\\\\\"slide_title\\\\\\">\n											<div class=\\\\\\"big_number\\\\\\">1</div>\n											<p class=\\\\\\"step_title first\\\\\\">Choose</p>\n											<p class=\\\\\\"step_title\\\\\\">Show your card screen when you are paying the bill.</p>\n										</div>\n									</div>\n									<div class=\\\\\\"item\\\\\\">\n										<img src=\\\\\\"/mobile/images/claim_reward_2.png\\\\\\">\n										<div class=\\\\\\"slide_title\\\\\\">\n											<div class=\\\\\\"big_number\\\\\\">2</div>\n											<p class=\\\\\\"step_title first\\\\\\">Activate Reward</p>\n											<p class=\\\\\\"step_title\\\\\\">Tap Get Reward button - new screen will appear with QR code.</p>\n										</div>\n									</div>\n									<div class=\\\\\\"item\\\\\\">\n										<img src=\\\\\\"/mobile/images/claim_reward_3.png\\\\\\">\n										<div class=\\\\\\"slide_title\\\\\\">\n											<div class=\\\\\\"big_number\\\\\\">3</div>\n											<p class=\\\\\\"step_title first\\\\\\">Claim Reward</p>\n											<p class=\\\\\\"step_title\\\\\\">At the counter or waiter will scan your code and present you reward that you chosen.<br/><br/>\n											Points deducted only when your screen been scanned by the waiter or a personal at the counter with special program. You can Press claim reward and close that screen as many times as you want - points will not be deducted.\n											</p>\n										</div>\n									</div>\n								</div>\n							 \n								<!-- Controls -->\n								<a class=\\\\\\"left carousel-control\\\\\\" href=\\\\\\"#carousel-example-generic2\\\\\\" role=\\\\\\"button\\\\\\" data-slide=\\\\\\"prev\\\\\\">\n									<div class=\\\\\\"glyphicon-box gl-left-box\\\\\\"><i class=\\\\\\"fa fa-angle-left\\\\\\"></i></span></div>\n								</a>\n								<a class=\\\\\\"right carousel-control\\\\\\" href=\\\\\\"#carousel-example-generic2\\\\\\" role=\\\\\\"button\\\\\\" data-slide=\\\\\\"next\\\\\\">\n									<div class=\\\\\\"glyphicon-box gl-righ-box\\\\\\"><i class=\\\\\\"fa fa-angle-right\\\\\\"></i></div>\n								</a>\n								<!-- Indicators -->\n								<ol class=\\\\\\"carousel-indicators\\\\\\">\n									<li data-target=\\\\\\"#carousel-example-generic2\\\\\\" data-slide-to=\\\\\\"0\\\\\\" class=\\\\\\"active\\\\\\"><div class=\\\\\\"num_inner\\\\\\">1</div></li>\n									<li data-target=\\\\\\"#carousel-example-generic2\\\\\\" data-slide-to=\\\\\\"1\\\\\\"><div class=\\\\\\"num_inner\\\\\\">2</div></li>\n									<li data-target=\\\\\\"#carousel-example-generic2\\\\\\" data-slide-to=\\\\\\"2\\\\\\"><div class=\\\\\\"num_inner\\\\\\">3</div></li>\n								</ol>\n							</div> <!-- Carousel -->\n						</div>\n					</div>\n				</div>', 'privacy локаль 1 компания 1', 'terms локаль 1 компания 1'),
	(2, 1, 2, '<h2 class=\\\\\\"m_h2\\\\\\">%company_name% next generation loyalty card</h2>\n<p class=\\\\\\"title_p\\\\\\">You can <b>forget - plastic card</b> or misplace them but digital loyalty card always stays with you in your smartphone.</p>\n<p class=\\\\\\"title_p\\\\\\">Now you can see your <b>points</b></p>\n<img src=\\\\\\"/mobile/images/r_points.png\\\\\\" class=\\\\\\"m_img\\\\\\">\n<p class=\\\\\\"title_p\\\\\\">and <b>rewards</b>  you can spend them on.</p>\n<img src=\\\\\\"/mobile/images/m_rewards_img.png\\\\\\" class=\\\\\\"m_img\\\\\\">\n<p class=\\\\\\"title_p\\\\\\">Stay up to date with latest <b>news, event invitations</b> and <b>other amazing stuff</b> at your favorite place.</p>\n<img src=\\\\\\"/mobile/images/refresh.png\\\\\\" class=\\\\\\"m_img\\\\\\">', '\n				<!-- Nav tabs -->\n				<ul class=\\\\\\"nav nav-tabs\\\\\\" role=\\\\\\"tablist\\\\\\">\n					<li role=\\\\\\"presentation\\\\\\" class=\\\\\\"active nav_tabs\\\\\\">\n						<a href=\\\\\\"#get_points\\\\\\" aria-controls=\\\\\\"home\\\\\\" role=\\\\\\"tab\\\\\\" data-toggle=\\\\\\"tab\\\\\\">Get Points</a>\n					</li>\n					<li role=\\\\\\"presentation\\\\\\">\n						<a href=\\\\\\"#claim_reward\\\\\\" class=\\\\\\"nav_tabs\\\\\\" aria-controls=\\\\\\"profile\\\\\\" role=\\\\\\"tab\\\\\\" data-toggle=\\\\\\"tab\\\\\\">Claim Reward</a>\n					</li>\n				</ul>\n				<div class=\\\\\\"m_content_wrapper\\\\\\">\n					<!-- Tab panes -->\n					<div class=\\\\\\"tab-content\\\\\\">\n						<div role=\\\\\\"tabpanel\\\\\\" class=\\\\\\"tab-pane active get_points\\\\\\" id=\\\\\\"get_points\\\\\\">\n							<!-- Carousel -->\n						   <div id=\\\\\\"carousel-example-generic\\\\\\" class=\\\\\\"carousel slide\\\\\\" data-ride=\\\\\\"carousel\\\\\\" data-interval=\\\\\\"false\\\\\\">\n								<!-- Wrapper for slides -->\n								<div class=\\\\\\"carousel-inner\\\\\\">\n									<div class=\\\\\\"item active\\\\\\">\n										<p class=\\\\\\"tab_heading\\\\\\">Getting reward points easy as 1-2-3</p>\n										<img src=\\\\\\"/mobile/images/get_points_1.png\\\\\\">\n										<div class=\\\\\\"slide_title\\\\\\">\n											<div class=\\\\\\"big_number\\\\\\">1</div>\n											<p class=\\\\\\"step_title first\\\\\\">Card screen is your digital Loyalty card.</p>\n											<p class=\\\\\\"step_title second\\\\\\">Show your card screen when you are paying the bill.</p>\n											<p class=\\\\\\"green_slogan\\\\\\">Spend 1 %currency% and get %points% POINTS</p>\n										</div>\n									</div>\n									<div class=\\\\\\"item\\\\\\">\n										<img src=\\\\\\"/mobile/images/get_points_2.png\\\\\\">\n										<div class=\\\\\\"slide_title\\\\\\">\n											<div class=\\\\\\"big_number\\\\\\">2</div>\n											<p class=\\\\\\"step_title first\\\\\\">Adding points</p>\n											<p class=\\\\\\"step_title\\\\\\">Your card screen will be scanned - according to the bill amount points will be added to your account.</p>\n										</div>\n									</div>\n									<div class=\\\\\\"item\\\\\\">\n										<img src=\\\\\\"/mobile/images/get_points_3.png\\\\\\">\n										<div class=\\\\\\"slide_title\\\\\\">\n											<div class=\\\\\\"big_number\\\\\\">3</div>\n											<p class=\\\\\\"step_title first\\\\\\">More points to spend</p>\n											<p class=\\\\\\"step_title\\\\\\">Refresh your points - by pulling down card screen. System will get new data and update points on your screen.</p>\n										</div>\n									</div>\n								</div>\n							 \n								<!-- Controls -->\n								<a class=\\\\\\"left carousel-control\\\\\\" href=\\\\\\"#carousel-example-generic\\\\\\" role=\\\\\\"button\\\\\\" data-slide=\\\\\\"prev\\\\\\">\n									<div class=\\\\\\"glyphicon-box gl-left-box\\\\\\"><i class=\\\\\\"fa fa-angle-left\\\\\\"></i></span></div>\n								</a>\n								<a class=\\\\\\"right carousel-control\\\\\\" href=\\\\\\"#carousel-example-generic\\\\\\" role=\\\\\\"button\\\\\\" data-slide=\\\\\\"next\\\\\\">\n									<div class=\\\\\\"glyphicon-box gl-righ-box\\\\\\"><i class=\\\\\\"fa fa-angle-right\\\\\\"></i></div>\n								</a>\n								<!-- Indicators -->\n								<ol class=\\\\\\"carousel-indicators\\\\\\">\n									<li data-target=\\\\\\"#carousel-example-generic\\\\\\" data-slide-to=\\\\\\"0\\\\\\" class=\\\\\\"active\\\\\\"><div class=\\\\\\"num_inner\\\\\\">1</div></li>\n									<li data-target=\\\\\\"#carousel-example-generic\\\\\\" data-slide-to=\\\\\\"1\\\\\\"><div class=\\\\\\"num_inner\\\\\\">2</div></li>\n									<li data-target=\\\\\\"#carousel-example-generic\\\\\\" data-slide-to=\\\\\\"2\\\\\\"><div class=\\\\\\"num_inner\\\\\\">3</div></li>\n								</ol>\n							</div> <!-- Carousel -->\n						</div>\n						<div role=\\\\\\"tabpanel\\\\\\" class=\\\\\\"tab-pane\\\\\\" id=\\\\\\"claim_reward\\\\\\">\n							<!-- Carousel -->\n						   <div id=\\\\\\"carousel-example-generic2\\\\\\" class=\\\\\\"carousel slide\\\\\\" data-ride=\\\\\\"carousel\\\\\\" data-interval=\\\\\\"false\\\\\\">\n								<!-- Wrapper for slides -->\n								<div class=\\\\\\"carousel-inner\\\\\\">\n									<div class=\\\\\\"item active\\\\\\">\n										<img src=\\\\\\"/mobile/images/claim_reward_1.png\\\\\\">\n										<div class=\\\\\\"slide_title\\\\\\">\n											<div class=\\\\\\"big_number\\\\\\">1</div>\n											<p class=\\\\\\"step_title first\\\\\\">Choose</p>\n											<p class=\\\\\\"step_title\\\\\\">Show your card screen when you are paying the bill.</p>\n										</div>\n									</div>\n									<div class=\\\\\\"item\\\\\\">\n										<img src=\\\\\\"/mobile/images/claim_reward_2.png\\\\\\">\n										<div class=\\\\\\"slide_title\\\\\\">\n											<div class=\\\\\\"big_number\\\\\\">2</div>\n											<p class=\\\\\\"step_title first\\\\\\">Activate Reward</p>\n											<p class=\\\\\\"step_title\\\\\\">Tap Get Reward button - new screen will appear with QR code.</p>\n										</div>\n									</div>\n									<div class=\\\\\\"item\\\\\\">\n										<img src=\\\\\\"/mobile/images/claim_reward_3.png\\\\\\">\n										<div class=\\\\\\"slide_title\\\\\\">\n											<div class=\\\\\\"big_number\\\\\\">3</div>\n											<p class=\\\\\\"step_title first\\\\\\">Claim Reward</p>\n											<p class=\\\\\\"step_title\\\\\\">At the counter or waiter will scan your code and present you reward that you chosen.<br/><br/>\n											Points deducted only when your screen been scanned by the waiter or a personal at the counter with special program. You can Press claim reward and close that screen as many times as you want - points will not be deducted.\n											</p>\n										</div>\n									</div>\n								</div>\n							 \n								<!-- Controls -->\n								<a class=\\\\\\"left carousel-control\\\\\\" href=\\\\\\"#carousel-example-generic2\\\\\\" role=\\\\\\"button\\\\\\" data-slide=\\\\\\"prev\\\\\\">\n									<div class=\\\\\\"glyphicon-box gl-left-box\\\\\\"><i class=\\\\\\"fa fa-angle-left\\\\\\"></i></span></div>\n								</a>\n								<a class=\\\\\\"right carousel-control\\\\\\" href=\\\\\\"#carousel-example-generic2\\\\\\" role=\\\\\\"button\\\\\\" data-slide=\\\\\\"next\\\\\\">\n									<div class=\\\\\\"glyphicon-box gl-righ-box\\\\\\"><i class=\\\\\\"fa fa-angle-right\\\\\\"></i></div>\n								</a>\n								<!-- Indicators -->\n								<ol class=\\\\\\"carousel-indicators\\\\\\">\n									<li data-target=\\\\\\"#carousel-example-generic2\\\\\\" data-slide-to=\\\\\\"0\\\\\\" class=\\\\\\"active\\\\\\"><div class=\\\\\\"num_inner\\\\\\">1</div></li>\n									<li data-target=\\\\\\"#carousel-example-generic2\\\\\\" data-slide-to=\\\\\\"1\\\\\\"><div class=\\\\\\"num_inner\\\\\\">2</div></li>\n									<li data-target=\\\\\\"#carousel-example-generic2\\\\\\" data-slide-to=\\\\\\"2\\\\\\"><div class=\\\\\\"num_inner\\\\\\">3</div></li>\n								</ol>\n							</div> <!-- Carousel -->\n						</div>\n					</div>\n				</div>', 'privacy локаль 2 компания 1', 'terms локаль 2 компания 1'),
	(7, 4, 1, '<h2 class=\\\\\\"m_h2\\\\\\">%company_name% next generation loyalty card</h2>\n<p class=\\\\\\"title_p\\\\\\">You can <b>forget - plastic card</b> or misplace them but digital loyalty card always stays with you in your smartphone.</p>\n<p class=\\\\\\"title_p\\\\\\">Now you can see your <b>points</b></p>\n<img src=\\\\\\"/mobile/images/r_points.jpg\\\\\\" class=\\\\\\"m_img\\\\\\">\n<p class=\\\\\\"title_p\\\\\\">and <b>rewards</b>  you can spend them on.</p>\n<img src=\\\\\\"/mobile/images/m_rewards_img.jpg\\\\\\" class=\\\\\\"m_img\\\\\\">\n<p class=\\\\\\"title_p\\\\\\">Stay up to date with latest <b>news, event invitations</b> and <b>other amazing stuff</b> at your favorite place.</p>\n<img src=\\\\\\"/mobile/images/refresh.jpg\\\\\\" class=\\\\\\"m_img\\\\\\">', '\n				<!-- Nav tabs -->\n				<ul class=\\\\\\"nav nav-tabs\\\\\\" role=\\\\\\"tablist\\\\\\">\n					<li role=\\\\\\"presentation\\\\\\" class=\\\\\\"active nav_tabs\\\\\\">\n						<a href=\\\\\\"#get_points\\\\\\" aria-controls=\\\\\\"home\\\\\\" role=\\\\\\"tab\\\\\\" data-toggle=\\\\\\"tab\\\\\\">Get Points</a>\n					</li>\n					<li role=\\\\\\"presentation\\\\\\">\n						<a href=\\\\\\"#claim_reward\\\\\\" class=\\\\\\"nav_tabs\\\\\\" aria-controls=\\\\\\"profile\\\\\\" role=\\\\\\"tab\\\\\\" data-toggle=\\\\\\"tab\\\\\\">Claim Reward</a>\n					</li>\n				</ul>\n				<div class=\\\\\\"m_content_wrapper\\\\\\">\n					<!-- Tab panes -->\n					<div class=\\\\\\"tab-content\\\\\\">\n						<div role=\\\\\\"tabpanel\\\\\\" class=\\\\\\"tab-pane active get_points\\\\\\" id=\\\\\\"get_points\\\\\\">\n							<!-- Carousel -->\n						   <div id=\\\\\\"carousel-example-generic\\\\\\" class=\\\\\\"carousel slide\\\\\\" data-ride=\\\\\\"carousel\\\\\\" data-interval=\\\\\\"false\\\\\\">\n								<!-- Wrapper for slides -->\n								<div class=\\\\\\"carousel-inner\\\\\\">\n									<div class=\\\\\\"item active\\\\\\">\n										<p class=\\\\\\"tab_heading\\\\\\">Getting reward points easy as 1-2-3</p>\n										<img src=\\\\\\"/mobile/images/get_points_1.jpg\\\\\\">\n										<div class=\\\\\\"slide_title\\\\\\">\n											<div class=\\\\\\"big_number\\\\\\">1</div>\n											<p class=\\\\\\"step_title first\\\\\\">Card screen is your digital Loyalty card.</p>\n											<p class=\\\\\\"step_title second\\\\\\">Show your card screen when you are paying the bill.</p>\n											<p class=\\\\\\"grey_slogan\\\\\\">Spend 1 %currency% and get %points% points</p>\n										</div>\n									</div>\n									<div class=\\\\\\"item\\\\\\">\n										<img src=\\\\\\"/mobile/images/get_points_2.jpg\\\\\\">\n										<div class=\\\\\\"slide_title\\\\\\">\n											<div class=\\\\\\"big_number\\\\\\">2</div>\n											<p class=\\\\\\"step_title first\\\\\\">Adding points</p>\n											<p class=\\\\\\"step_title\\\\\\">Your card screen will be scanned - according to the bill amount points will be added to your account.</p>\n										</div>\n									</div>\n									<div class=\\\\\\"item\\\\\\">\n										<img src=\\\\\\"/mobile/images/get_points_3.jpg\\\\\\">\n										<div class=\\\\\\"slide_title\\\\\\">\n											<div class=\\\\\\"big_number\\\\\\">3</div>\n											<p class=\\\\\\"step_title first\\\\\\">More points to spend</p>\n											<p class=\\\\\\"step_title\\\\\\">Refresh your points - by pulling down card screen. System will get new data and update points on your screen.</p>\n										</div>\n									</div>\n								</div>\n							 \n								<!-- Controls -->\n								<a class=\\\\\\"left carousel-control\\\\\\" href=\\\\\\"#carousel-example-generic\\\\\\" role=\\\\\\"button\\\\\\" data-slide=\\\\\\"prev\\\\\\">\n									<div class=\\\\\\"glyphicon-box gl-left-box\\\\\\"><i class=\\\\\\"fa fa-angle-left\\\\\\"></i></span></div>\n								</a>\n								<a class=\\\\\\"right carousel-control\\\\\\" href=\\\\\\"#carousel-example-generic\\\\\\" role=\\\\\\"button\\\\\\" data-slide=\\\\\\"next\\\\\\">\n									<div class=\\\\\\"glyphicon-box gl-righ-box\\\\\\"><i class=\\\\\\"fa fa-angle-right\\\\\\"></i></div>\n								</a>\n								<!-- Indicators -->\n								<ol class=\\\\\\"carousel-indicators\\\\\\">\n									<li data-target=\\\\\\"#carousel-example-generic\\\\\\" data-slide-to=\\\\\\"0\\\\\\" class=\\\\\\"active\\\\\\"><div class=\\\\\\"num_inner\\\\\\">1</div></li>\n									<li data-target=\\\\\\"#carousel-example-generic\\\\\\" data-slide-to=\\\\\\"1\\\\\\"><div class=\\\\\\"num_inner\\\\\\">2</div></li>\n									<li data-target=\\\\\\"#carousel-example-generic\\\\\\" data-slide-to=\\\\\\"2\\\\\\"><div class=\\\\\\"num_inner\\\\\\">3</div></li>\n								</ol>\n							</div> <!-- Carousel -->\n						</div>\n						<div role=\\\\\\"tabpanel\\\\\\" class=\\\\\\"tab-pane\\\\\\" id=\\\\\\"claim_reward\\\\\\">\n							<!-- Carousel -->\n						   <div id=\\\\\\"carousel-example-generic2\\\\\\" class=\\\\\\"carousel slide\\\\\\" data-ride=\\\\\\"carousel\\\\\\" data-interval=\\\\\\"false\\\\\\">\n								<!-- Wrapper for slides -->\n								<div class=\\\\\\"carousel-inner\\\\\\">\n									<div class=\\\\\\"item active\\\\\\">\n										<img src=\\\\\\"/mobile/images/claim_reward_1.jpg\\\\\\">\n										<div class=\\\\\\"slide_title\\\\\\">\n											<div class=\\\\\\"big_number\\\\\\">1</div>\n											<p class=\\\\\\"step_title first\\\\\\">Choose</p>\n											<p class=\\\\\\"step_title\\\\\\">Show your card screen when you are paying the bill.</p>\n										</div>\n									</div>\n									<div class=\\\\\\"item\\\\\\">\n										<img src=\\\\\\"/mobile/images/claim_reward_2.jpg\\\\\\">\n										<div class=\\\\\\"slide_title\\\\\\">\n											<div class=\\\\\\"big_number\\\\\\">2</div>\n											<p class=\\\\\\"step_title first\\\\\\">Activate Reward</p>\n											<p class=\\\\\\"step_title\\\\\\">Tap Get Reward button - new screen will appear with QR code.</p>\n										</div>\n									</div>\n									<div class=\\\\\\"item\\\\\\">\n										<img src=\\\\\\"/mobile/images/claim_reward_3.jpg\\\\\\">\n										<div class=\\\\\\"slide_title\\\\\\">\n											<div class=\\\\\\"big_number\\\\\\">3</div>\n											<p class=\\\\\\"step_title first\\\\\\">Claim Reward</p>\n											<p class=\\\\\\"step_title\\\\\\">At the counter or waiter will scan your code and present you reward that you chosen.<br/><br/>\n											Points deducted only when your screen been scanned by the waiter or a personal at the counter with special program. You can Press claim reward and close that screen as many times as you want - points will not be deducted.\n											</p>\n										</div>\n									</div>\n								</div>\n							 \n								<!-- Controls -->\n								<a class=\\\\\\"left carousel-control\\\\\\" href=\\\\\\"#carousel-example-generic2\\\\\\" role=\\\\\\"button\\\\\\" data-slide=\\\\\\"prev\\\\\\">\n									<div class=\\\\\\"glyphicon-box gl-left-box\\\\\\"><i class=\\\\\\"fa fa-angle-left\\\\\\"></i></span></div>\n								</a>\n								<a class=\\\\\\"right carousel-control\\\\\\" href=\\\\\\"#carousel-example-generic2\\\\\\" role=\\\\\\"button\\\\\\" data-slide=\\\\\\"next\\\\\\">\n									<div class=\\\\\\"glyphicon-box gl-righ-box\\\\\\"><i class=\\\\\\"fa fa-angle-right\\\\\\"></i></div>\n								</a>\n								<!-- Indicators -->\n								<ol class=\\\\\\"carousel-indicators\\\\\\">\n									<li data-target=\\\\\\"#carousel-example-generic2\\\\\\" data-slide-to=\\\\\\"0\\\\\\" class=\\\\\\"active\\\\\\"><div class=\\\\\\"num_inner\\\\\\">1</div></li>\n									<li data-target=\\\\\\"#carousel-example-generic2\\\\\\" data-slide-to=\\\\\\"1\\\\\\"><div class=\\\\\\"num_inner\\\\\\">2</div></li>\n									<li data-target=\\\\\\"#carousel-example-generic2\\\\\\" data-slide-to=\\\\\\"2\\\\\\"><div class=\\\\\\"num_inner\\\\\\">3</div></li>\n								</ol>\n							</div> <!-- Carousel -->\n						</div>\n					</div>\n				</div>', 'privacy локаль 1 компания 4', 'terms локаль 1 компания 4'),
	(8, 4, 2, '<h2 class=\\\\\\"m_h2\\\\\\">%company_name% next generation loyalty card</h2>\n<p class=\\\\\\"title_p\\\\\\">You can <b>forget - plastic card</b> or misplace them but digital loyalty card always stays with you in your smartphone.</p>\n<p class=\\\\\\"title_p\\\\\\">Now you can see your <b>points</b></p>\n<img src=\\\\\\"/mobile/images/r_points.jpg\\\\\\" class=\\\\\\"m_img\\\\\\">\n<p class=\\\\\\"title_p\\\\\\">and <b>rewards</b>  you can spend them on.</p>\n<img src=\\\\\\"/mobile/images/m_rewards_img.jpg\\\\\\" class=\\\\\\"m_img\\\\\\">\n<p class=\\\\\\"title_p\\\\\\">Stay up to date with latest <b>news, event invitations</b> and <b>other amazing stuff</b> at your favorite place.</p>\n<img src=\\\\\\"/mobile/images/refresh.jpg\\\\\\" class=\\\\\\"m_img\\\\\\">', '\n				<!-- Nav tabs -->\n				<ul class=\\\\\\"nav nav-tabs\\\\\\" role=\\\\\\"tablist\\\\\\">\n					<li role=\\\\\\"presentation\\\\\\" class=\\\\\\"active nav_tabs\\\\\\">\n						<a href=\\\\\\"#get_points\\\\\\" aria-controls=\\\\\\"home\\\\\\" role=\\\\\\"tab\\\\\\" data-toggle=\\\\\\"tab\\\\\\">Get Points</a>\n					</li>\n					<li role=\\\\\\"presentation\\\\\\">\n						<a href=\\\\\\"#claim_reward\\\\\\" class=\\\\\\"nav_tabs\\\\\\" aria-controls=\\\\\\"profile\\\\\\" role=\\\\\\"tab\\\\\\" data-toggle=\\\\\\"tab\\\\\\">Claim Reward</a>\n					</li>\n				</ul>\n				<div class=\\\\\\"m_content_wrapper\\\\\\">\n					<!-- Tab panes -->\n					<div class=\\\\\\"tab-content\\\\\\">\n						<div role=\\\\\\"tabpanel\\\\\\" class=\\\\\\"tab-pane active get_points\\\\\\" id=\\\\\\"get_points\\\\\\">\n							<!-- Carousel -->\n						   <div id=\\\\\\"carousel-example-generic\\\\\\" class=\\\\\\"carousel slide\\\\\\" data-ride=\\\\\\"carousel\\\\\\" data-interval=\\\\\\"false\\\\\\">\n								<!-- Wrapper for slides -->\n								<div class=\\\\\\"carousel-inner\\\\\\">\n									<div class=\\\\\\"item active\\\\\\">\n										<p class=\\\\\\"tab_heading\\\\\\">Getting reward points easy as 1-2-3</p>\n										<img src=\\\\\\"/mobile/images/get_points_1.jpg\\\\\\">\n										<div class=\\\\\\"slide_title\\\\\\">\n											<div class=\\\\\\"big_number\\\\\\">1</div>\n											<p class=\\\\\\"step_title first\\\\\\">Card screen is your digital Loyalty card.</p>\n											<p class=\\\\\\"step_title second\\\\\\">Show your card screen when you are paying the bill.</p>\n											<p class=\\\\\\"grey_slogan\\\\\\">Spend 1 %currency% and get %points% points</p>\n										</div>\n									</div>\n									<div class=\\\\\\"item\\\\\\">\n										<img src=\\\\\\"/mobile/images/get_points_2.jpg\\\\\\">\n										<div class=\\\\\\"slide_title\\\\\\">\n											<div class=\\\\\\"big_number\\\\\\">2</div>\n											<p class=\\\\\\"step_title first\\\\\\">Adding points</p>\n											<p class=\\\\\\"step_title\\\\\\">Your card screen will be scanned - according to the bill amount points will be added to your account.</p>\n										</div>\n									</div>\n									<div class=\\\\\\"item\\\\\\">\n										<img src=\\\\\\"/mobile/images/get_points_3.jpg\\\\\\">\n										<div class=\\\\\\"slide_title\\\\\\">\n											<div class=\\\\\\"big_number\\\\\\">3</div>\n											<p class=\\\\\\"step_title first\\\\\\">More points to spend</p>\n											<p class=\\\\\\"step_title\\\\\\">Refresh your points - by pulling down card screen. System will get new data and update points on your screen.</p>\n										</div>\n									</div>\n								</div>\n							 \n								<!-- Controls -->\n								<a class=\\\\\\"left carousel-control\\\\\\" href=\\\\\\"#carousel-example-generic\\\\\\" role=\\\\\\"button\\\\\\" data-slide=\\\\\\"prev\\\\\\">\n									<div class=\\\\\\"glyphicon-box gl-left-box\\\\\\"><i class=\\\\\\"fa fa-angle-left\\\\\\"></i></span></div>\n								</a>\n								<a class=\\\\\\"right carousel-control\\\\\\" href=\\\\\\"#carousel-example-generic\\\\\\" role=\\\\\\"button\\\\\\" data-slide=\\\\\\"next\\\\\\">\n									<div class=\\\\\\"glyphicon-box gl-righ-box\\\\\\"><i class=\\\\\\"fa fa-angle-right\\\\\\"></i></div>\n								</a>\n								<!-- Indicators -->\n								<ol class=\\\\\\"carousel-indicators\\\\\\">\n									<li data-target=\\\\\\"#carousel-example-generic\\\\\\" data-slide-to=\\\\\\"0\\\\\\" class=\\\\\\"active\\\\\\"><div class=\\\\\\"num_inner\\\\\\">1</div></li>\n									<li data-target=\\\\\\"#carousel-example-generic\\\\\\" data-slide-to=\\\\\\"1\\\\\\"><div class=\\\\\\"num_inner\\\\\\">2</div></li>\n									<li data-target=\\\\\\"#carousel-example-generic\\\\\\" data-slide-to=\\\\\\"2\\\\\\"><div class=\\\\\\"num_inner\\\\\\">3</div></li>\n								</ol>\n							</div> <!-- Carousel -->\n						</div>\n						<div role=\\\\\\"tabpanel\\\\\\" class=\\\\\\"tab-pane\\\\\\" id=\\\\\\"claim_reward\\\\\\">\n							<!-- Carousel -->\n						   <div id=\\\\\\"carousel-example-generic2\\\\\\" class=\\\\\\"carousel slide\\\\\\" data-ride=\\\\\\"carousel\\\\\\" data-interval=\\\\\\"false\\\\\\">\n								<!-- Wrapper for slides -->\n								<div class=\\\\\\"carousel-inner\\\\\\">\n									<div class=\\\\\\"item active\\\\\\">\n										<img src=\\\\\\"/mobile/images/claim_reward_1.jpg\\\\\\">\n										<div class=\\\\\\"slide_title\\\\\\">\n											<div class=\\\\\\"big_number\\\\\\">1</div>\n											<p class=\\\\\\"step_title first\\\\\\">Choose</p>\n											<p class=\\\\\\"step_title\\\\\\">Show your card screen when you are paying the bill.</p>\n										</div>\n									</div>\n									<div class=\\\\\\"item\\\\\\">\n										<img src=\\\\\\"/mobile/images/claim_reward_2.jpg\\\\\\">\n										<div class=\\\\\\"slide_title\\\\\\">\n											<div class=\\\\\\"big_number\\\\\\">2</div>\n											<p class=\\\\\\"step_title first\\\\\\">Activate Reward</p>\n											<p class=\\\\\\"step_title\\\\\\">Tap Get Reward button - new screen will appear with QR code.</p>\n										</div>\n									</div>\n									<div class=\\\\\\"item\\\\\\">\n										<img src=\\\\\\"/mobile/images/claim_reward_3.jpg\\\\\\">\n										<div class=\\\\\\"slide_title\\\\\\">\n											<div class=\\\\\\"big_number\\\\\\">3</div>\n											<p class=\\\\\\"step_title first\\\\\\">Claim Reward</p>\n											<p class=\\\\\\"step_title\\\\\\">At the counter or waiter will scan your code and present you reward that you chosen.<br/><br/>\n											Points deducted only when your screen been scanned by the waiter or a personal at the counter with special program. You can Press claim reward and close that screen as many times as you want - points will not be deducted.\n											</p>\n										</div>\n									</div>\n								</div>\n							 \n								<!-- Controls -->\n								<a class=\\\\\\"left carousel-control\\\\\\" href=\\\\\\"#carousel-example-generic2\\\\\\" role=\\\\\\"button\\\\\\" data-slide=\\\\\\"prev\\\\\\">\n									<div class=\\\\\\"glyphicon-box gl-left-box\\\\\\"><i class=\\\\\\"fa fa-angle-left\\\\\\"></i></span></div>\n								</a>\n								<a class=\\\\\\"right carousel-control\\\\\\" href=\\\\\\"#carousel-example-generic2\\\\\\" role=\\\\\\"button\\\\\\" data-slide=\\\\\\"next\\\\\\">\n									<div class=\\\\\\"glyphicon-box gl-righ-box\\\\\\"><i class=\\\\\\"fa fa-angle-right\\\\\\"></i></div>\n								</a>\n								<!-- Indicators -->\n								<ol class=\\\\\\"carousel-indicators\\\\\\">\n									<li data-target=\\\\\\"#carousel-example-generic2\\\\\\" data-slide-to=\\\\\\"0\\\\\\" class=\\\\\\"active\\\\\\"><div class=\\\\\\"num_inner\\\\\\">1</div></li>\n									<li data-target=\\\\\\"#carousel-example-generic2\\\\\\" data-slide-to=\\\\\\"1\\\\\\"><div class=\\\\\\"num_inner\\\\\\">2</div></li>\n									<li data-target=\\\\\\"#carousel-example-generic2\\\\\\" data-slide-to=\\\\\\"2\\\\\\"><div class=\\\\\\"num_inner\\\\\\">3</div></li>\n								</ol>\n							</div> <!-- Carousel -->\n						</div>\n					</div>\n				</div>', 'privacy локаль 2 компания 4', 'terms локаль 2 компания 4'),
	(9, 5, 1, '<h2 class=\\\\\\"m_h2\\\\\\">%company_name% next generation loyalty card</h2>\n<p class=\\\\\\"title_p\\\\\\">You can <b>forget - plastic card</b> or misplace them but digital loyalty card always stays with you in your smartphone.</p>\n<p class=\\\\\\"title_p\\\\\\">Now you can see your <b>points</b></p>\n<img src=\\\\\\"/mobile/images/r_points.png\\\\\\" class=\\\\\\"m_img\\\\\\">\n<p class=\\\\\\"title_p\\\\\\">and <b>rewards</b>  you can spend them on.</p>\n<img src=\\\\\\"/mobile/images/m_rewards_img.png\\\\\\" class=\\\\\\"m_img\\\\\\">\n<p class=\\\\\\"title_p\\\\\\">Stay up to date with latest <b>news, event invitations</b> and <b>other amazing stuff</b> at your favorite place.</p>\n<img src=\\\\\\"/mobile/images/refresh.png\\\\\\" class=\\\\\\"m_img\\\\\\">', '\n				<!-- Nav tabs -->\n				<ul class=\\\\\\"nav nav-tabs\\\\\\" role=\\\\\\"tablist\\\\\\">\n					<li role=\\\\\\"presentation\\\\\\" class=\\\\\\"active nav_tabs\\\\\\">\n						<a href=\\\\\\"#get_points\\\\\\" aria-controls=\\\\\\"home\\\\\\" role=\\\\\\"tab\\\\\\" data-toggle=\\\\\\"tab\\\\\\">Get Points</a>\n					</li>\n					<li role=\\\\\\"presentation\\\\\\">\n						<a href=\\\\\\"#claim_reward\\\\\\" class=\\\\\\"nav_tabs\\\\\\" aria-controls=\\\\\\"profile\\\\\\" role=\\\\\\"tab\\\\\\" data-toggle=\\\\\\"tab\\\\\\">Claim Reward</a>\n					</li>\n				</ul>\n				<div class=\\\\\\"m_content_wrapper\\\\\\">\n					<!-- Tab panes -->\n					<div class=\\\\\\"tab-content\\\\\\">\n						<div role=\\\\\\"tabpanel\\\\\\" class=\\\\\\"tab-pane active get_points\\\\\\" id=\\\\\\"get_points\\\\\\">\n							<!-- Carousel -->\n						   <div id=\\\\\\"carousel-example-generic\\\\\\" class=\\\\\\"carousel slide\\\\\\" data-ride=\\\\\\"carousel\\\\\\" data-interval=\\\\\\"false\\\\\\">\n								<!-- Wrapper for slides -->\n								<div class=\\\\\\"carousel-inner\\\\\\">\n									<div class=\\\\\\"item active\\\\\\">\n										<p class=\\\\\\"tab_heading\\\\\\">Getting reward points easy as 1-2-3</p>\n										<img src=\\\\\\"/mobile/images/get_points_1.png\\\\\\">\n										<div class=\\\\\\"slide_title\\\\\\">\n											<div class=\\\\\\"big_number\\\\\\">1</div>\n											<p class=\\\\\\"step_title first\\\\\\">Card screen is your digital Loyalty card.</p>\n											<p class=\\\\\\"step_title second\\\\\\">Show your card screen when you are paying the bill.</p>\n											<p class=\\\\\\"green_slogan\\\\\\">Spend 1 %currency% and get %points% POINTS</p>\n										</div>\n									</div>\n									<div class=\\\\\\"item\\\\\\">\n										<img src=\\\\\\"/mobile/images/get_points_2.png\\\\\\">\n										<div class=\\\\\\"slide_title\\\\\\">\n											<div class=\\\\\\"big_number\\\\\\">2</div>\n											<p class=\\\\\\"step_title first\\\\\\">Adding points</p>\n											<p class=\\\\\\"step_title\\\\\\">Your card screen will be scanned - according to the bill amount points will be added to your account.</p>\n										</div>\n									</div>\n									<div class=\\\\\\"item\\\\\\">\n										<img src=\\\\\\"/mobile/images/get_points_3.png\\\\\\">\n										<div class=\\\\\\"slide_title\\\\\\">\n											<div class=\\\\\\"big_number\\\\\\">3</div>\n											<p class=\\\\\\"step_title first\\\\\\">More points to spend</p>\n											<p class=\\\\\\"step_title\\\\\\">Refresh your points - by pulling down card screen. System will get new data and update points on your screen.</p>\n										</div>\n									</div>\n								</div>\n							 \n								<!-- Controls -->\n								<a class=\\\\\\"left carousel-control\\\\\\" href=\\\\\\"#carousel-example-generic\\\\\\" role=\\\\\\"button\\\\\\" data-slide=\\\\\\"prev\\\\\\">\n									<div class=\\\\\\"glyphicon-box gl-left-box\\\\\\"><i class=\\\\\\"fa fa-angle-left\\\\\\"></i></span></div>\n								</a>\n								<a class=\\\\\\"right carousel-control\\\\\\" href=\\\\\\"#carousel-example-generic\\\\\\" role=\\\\\\"button\\\\\\" data-slide=\\\\\\"next\\\\\\">\n									<div class=\\\\\\"glyphicon-box gl-righ-box\\\\\\"><i class=\\\\\\"fa fa-angle-right\\\\\\"></i></div>\n								</a>\n								<!-- Indicators -->\n								<ol class=\\\\\\"carousel-indicators\\\\\\">\n									<li data-target=\\\\\\"#carousel-example-generic\\\\\\" data-slide-to=\\\\\\"0\\\\\\" class=\\\\\\"active\\\\\\"><div class=\\\\\\"num_inner\\\\\\">1</div></li>\n									<li data-target=\\\\\\"#carousel-example-generic\\\\\\" data-slide-to=\\\\\\"1\\\\\\"><div class=\\\\\\"num_inner\\\\\\">2</div></li>\n									<li data-target=\\\\\\"#carousel-example-generic\\\\\\" data-slide-to=\\\\\\"2\\\\\\"><div class=\\\\\\"num_inner\\\\\\">3</div></li>\n								</ol>\n							</div> <!-- Carousel -->\n						</div>\n						<div role=\\\\\\"tabpanel\\\\\\" class=\\\\\\"tab-pane\\\\\\" id=\\\\\\"claim_reward\\\\\\">\n							<!-- Carousel -->\n						   <div id=\\\\\\"carousel-example-generic2\\\\\\" class=\\\\\\"carousel slide\\\\\\" data-ride=\\\\\\"carousel\\\\\\" data-interval=\\\\\\"false\\\\\\">\n								<!-- Wrapper for slides -->\n								<div class=\\\\\\"carousel-inner\\\\\\">\n									<div class=\\\\\\"item active\\\\\\">\n										<img src=\\\\\\"/mobile/images/claim_reward_1.png\\\\\\">\n										<div class=\\\\\\"slide_title\\\\\\">\n											<div class=\\\\\\"big_number\\\\\\">1</div>\n											<p class=\\\\\\"step_title first\\\\\\">Choose</p>\n											<p class=\\\\\\"step_title\\\\\\">Show your card screen when you are paying the bill.</p>\n										</div>\n									</div>\n									<div class=\\\\\\"item\\\\\\">\n										<img src=\\\\\\"/mobile/images/claim_reward_2.png\\\\\\">\n										<div class=\\\\\\"slide_title\\\\\\">\n											<div class=\\\\\\"big_number\\\\\\">2</div>\n											<p class=\\\\\\"step_title first\\\\\\">Activate Reward</p>\n											<p class=\\\\\\"step_title\\\\\\">Tap Get Reward button - new screen will appear with QR code.</p>\n										</div>\n									</div>\n									<div class=\\\\\\"item\\\\\\">\n										<img src=\\\\\\"/mobile/images/claim_reward_3.png\\\\\\">\n										<div class=\\\\\\"slide_title\\\\\\">\n											<div class=\\\\\\"big_number\\\\\\">3</div>\n											<p class=\\\\\\"step_title first\\\\\\">Claim Reward</p>\n											<p class=\\\\\\"step_title\\\\\\">At the counter or waiter will scan your code and present you reward that you chosen.<br/><br/>\n											Points deducted only when your screen been scanned by the waiter or a personal at the counter with special program. You can Press claim reward and close that screen as many times as you want - points will not be deducted.\n											</p>\n										</div>\n									</div>\n								</div>\n							 \n								<!-- Controls -->\n								<a class=\\\\\\"left carousel-control\\\\\\" href=\\\\\\"#carousel-example-generic2\\\\\\" role=\\\\\\"button\\\\\\" data-slide=\\\\\\"prev\\\\\\">\n									<div class=\\\\\\"glyphicon-box gl-left-box\\\\\\"><i class=\\\\\\"fa fa-angle-left\\\\\\"></i></span></div>\n								</a>\n								<a class=\\\\\\"right carousel-control\\\\\\" href=\\\\\\"#carousel-example-generic2\\\\\\" role=\\\\\\"button\\\\\\" data-slide=\\\\\\"next\\\\\\">\n									<div class=\\\\\\"glyphicon-box gl-righ-box\\\\\\"><i class=\\\\\\"fa fa-angle-right\\\\\\"></i></div>\n								</a>\n								<!-- Indicators -->\n								<ol class=\\\\\\"carousel-indicators\\\\\\">\n									<li data-target=\\\\\\"#carousel-example-generic2\\\\\\" data-slide-to=\\\\\\"0\\\\\\" class=\\\\\\"active\\\\\\"><div class=\\\\\\"num_inner\\\\\\">1</div></li>\n									<li data-target=\\\\\\"#carousel-example-generic2\\\\\\" data-slide-to=\\\\\\"1\\\\\\"><div class=\\\\\\"num_inner\\\\\\">2</div></li>\n									<li data-target=\\\\\\"#carousel-example-generic2\\\\\\" data-slide-to=\\\\\\"2\\\\\\"><div class=\\\\\\"num_inner\\\\\\">3</div></li>\n								</ol>\n							</div> <!-- Carousel -->\n						</div>\n					</div>\n				</div>', 'privacy локаль 1 компания 5', 'terms локаль 1 компания 5'),
	(10, 5, 2, '<h2 class=\\\\\\"m_h2\\\\\\">%company_name% next generation loyalty card</h2>\n<p class=\\\\\\"title_p\\\\\\">You can <b>forget - plastic card</b> or misplace them but digital loyalty card always stays with you in your smartphone.</p>\n<p class=\\\\\\"title_p\\\\\\">Now you can see your <b>points</b></p>\n<img src=\\\\\\"/mobile/images/r_points.png\\\\\\" class=\\\\\\"m_img\\\\\\">\n<p class=\\\\\\"title_p\\\\\\">and <b>rewards</b>  you can spend them on.</p>\n<img src=\\\\\\"/mobile/images/m_rewards_img.png\\\\\\" class=\\\\\\"m_img\\\\\\">\n<p class=\\\\\\"title_p\\\\\\">Stay up to date with latest <b>news, event invitations</b> and <b>other amazing stuff</b> at your favorite place.</p>\n<img src=\\\\\\"/mobile/images/refresh.png\\\\\\" class=\\\\\\"m_img\\\\\\">', '\n				<!-- Nav tabs -->\n				<ul class=\\\\\\"nav nav-tabs\\\\\\" role=\\\\\\"tablist\\\\\\">\n					<li role=\\\\\\"presentation\\\\\\" class=\\\\\\"active nav_tabs\\\\\\">\n						<a href=\\\\\\"#get_points\\\\\\" aria-controls=\\\\\\"home\\\\\\" role=\\\\\\"tab\\\\\\" data-toggle=\\\\\\"tab\\\\\\">Get Points</a>\n					</li>\n					<li role=\\\\\\"presentation\\\\\\">\n						<a href=\\\\\\"#claim_reward\\\\\\" class=\\\\\\"nav_tabs\\\\\\" aria-controls=\\\\\\"profile\\\\\\" role=\\\\\\"tab\\\\\\" data-toggle=\\\\\\"tab\\\\\\">Claim Reward</a>\n					</li>\n				</ul>\n				<div class=\\\\\\"m_content_wrapper\\\\\\">\n					<!-- Tab panes -->\n					<div class=\\\\\\"tab-content\\\\\\">\n						<div role=\\\\\\"tabpanel\\\\\\" class=\\\\\\"tab-pane active get_points\\\\\\" id=\\\\\\"get_points\\\\\\">\n							<!-- Carousel -->\n						   <div id=\\\\\\"carousel-example-generic\\\\\\" class=\\\\\\"carousel slide\\\\\\" data-ride=\\\\\\"carousel\\\\\\" data-interval=\\\\\\"false\\\\\\">\n								<!-- Wrapper for slides -->\n								<div class=\\\\\\"carousel-inner\\\\\\">\n									<div class=\\\\\\"item active\\\\\\">\n										<p class=\\\\\\"tab_heading\\\\\\">Getting reward points easy as 1-2-3</p>\n										<img src=\\\\\\"/mobile/images/get_points_1.png\\\\\\">\n										<div class=\\\\\\"slide_title\\\\\\">\n											<div class=\\\\\\"big_number\\\\\\">1</div>\n											<p class=\\\\\\"step_title first\\\\\\">Card screen is your digital Loyalty card.</p>\n											<p class=\\\\\\"step_title second\\\\\\">Show your card screen when you are paying the bill.</p>\n											<p class=\\\\\\"green_slogan\\\\\\">Spend 1 %currency% and get %points% POINTS</p>\n										</div>\n									</div>\n									<div class=\\\\\\"item\\\\\\">\n										<img src=\\\\\\"/mobile/images/get_points_2.png\\\\\\">\n										<div class=\\\\\\"slide_title\\\\\\">\n											<div class=\\\\\\"big_number\\\\\\">2</div>\n											<p class=\\\\\\"step_title first\\\\\\">Adding points</p>\n											<p class=\\\\\\"step_title\\\\\\">Your card screen will be scanned - according to the bill amount points will be added to your account.</p>\n										</div>\n									</div>\n									<div class=\\\\\\"item\\\\\\">\n										<img src=\\\\\\"/mobile/images/get_points_3.png\\\\\\">\n										<div class=\\\\\\"slide_title\\\\\\">\n											<div class=\\\\\\"big_number\\\\\\">3</div>\n											<p class=\\\\\\"step_title first\\\\\\">More points to spend</p>\n											<p class=\\\\\\"step_title\\\\\\">Refresh your points - by pulling down card screen. System will get new data and update points on your screen.</p>\n										</div>\n									</div>\n								</div>\n							 \n								<!-- Controls -->\n								<a class=\\\\\\"left carousel-control\\\\\\" href=\\\\\\"#carousel-example-generic\\\\\\" role=\\\\\\"button\\\\\\" data-slide=\\\\\\"prev\\\\\\">\n									<div class=\\\\\\"glyphicon-box gl-left-box\\\\\\"><i class=\\\\\\"fa fa-angle-left\\\\\\"></i></span></div>\n								</a>\n								<a class=\\\\\\"right carousel-control\\\\\\" href=\\\\\\"#carousel-example-generic\\\\\\" role=\\\\\\"button\\\\\\" data-slide=\\\\\\"next\\\\\\">\n									<div class=\\\\\\"glyphicon-box gl-righ-box\\\\\\"><i class=\\\\\\"fa fa-angle-right\\\\\\"></i></div>\n								</a>\n								<!-- Indicators -->\n								<ol class=\\\\\\"carousel-indicators\\\\\\">\n									<li data-target=\\\\\\"#carousel-example-generic\\\\\\" data-slide-to=\\\\\\"0\\\\\\" class=\\\\\\"active\\\\\\"><div class=\\\\\\"num_inner\\\\\\">1</div></li>\n									<li data-target=\\\\\\"#carousel-example-generic\\\\\\" data-slide-to=\\\\\\"1\\\\\\"><div class=\\\\\\"num_inner\\\\\\">2</div></li>\n									<li data-target=\\\\\\"#carousel-example-generic\\\\\\" data-slide-to=\\\\\\"2\\\\\\"><div class=\\\\\\"num_inner\\\\\\">3</div></li>\n								</ol>\n							</div> <!-- Carousel -->\n						</div>\n						<div role=\\\\\\"tabpanel\\\\\\" class=\\\\\\"tab-pane\\\\\\" id=\\\\\\"claim_reward\\\\\\">\n							<!-- Carousel -->\n						   <div id=\\\\\\"carousel-example-generic2\\\\\\" class=\\\\\\"carousel slide\\\\\\" data-ride=\\\\\\"carousel\\\\\\" data-interval=\\\\\\"false\\\\\\">\n								<!-- Wrapper for slides -->\n								<div class=\\\\\\"carousel-inner\\\\\\">\n									<div class=\\\\\\"item active\\\\\\">\n										<img src=\\\\\\"/mobile/images/claim_reward_1.png\\\\\\">\n										<div class=\\\\\\"slide_title\\\\\\">\n											<div class=\\\\\\"big_number\\\\\\">1</div>\n											<p class=\\\\\\"step_title first\\\\\\">Choose</p>\n											<p class=\\\\\\"step_title\\\\\\">Show your card screen when you are paying the bill.</p>\n										</div>\n									</div>\n									<div class=\\\\\\"item\\\\\\">\n										<img src=\\\\\\"/mobile/images/claim_reward_2.png\\\\\\">\n										<div class=\\\\\\"slide_title\\\\\\">\n											<div class=\\\\\\"big_number\\\\\\">2</div>\n											<p class=\\\\\\"step_title first\\\\\\">Activate Reward</p>\n											<p class=\\\\\\"step_title\\\\\\">Tap Get Reward button - new screen will appear with QR code.</p>\n										</div>\n									</div>\n									<div class=\\\\\\"item\\\\\\">\n										<img src=\\\\\\"/mobile/images/claim_reward_3.png\\\\\\">\n										<div class=\\\\\\"slide_title\\\\\\">\n											<div class=\\\\\\"big_number\\\\\\">3</div>\n											<p class=\\\\\\"step_title first\\\\\\">Claim Reward</p>\n											<p class=\\\\\\"step_title\\\\\\">At the counter or waiter will scan your code and present you reward that you chosen.<br/><br/>\n											Points deducted only when your screen been scanned by the waiter or a personal at the counter with special program. You can Press claim reward and close that screen as many times as you want - points will not be deducted.\n											</p>\n										</div>\n									</div>\n								</div>\n							 \n								<!-- Controls -->\n								<a class=\\\\\\"left carousel-control\\\\\\" href=\\\\\\"#carousel-example-generic2\\\\\\" role=\\\\\\"button\\\\\\" data-slide=\\\\\\"prev\\\\\\">\n									<div class=\\\\\\"glyphicon-box gl-left-box\\\\\\"><i class=\\\\\\"fa fa-angle-left\\\\\\"></i></span></div>\n								</a>\n								<a class=\\\\\\"right carousel-control\\\\\\" href=\\\\\\"#carousel-example-generic2\\\\\\" role=\\\\\\"button\\\\\\" data-slide=\\\\\\"next\\\\\\">\n									<div class=\\\\\\"glyphicon-box gl-righ-box\\\\\\"><i class=\\\\\\"fa fa-angle-right\\\\\\"></i></div>\n								</a>\n								<!-- Indicators -->\n								<ol class=\\\\\\"carousel-indicators\\\\\\">\n									<li data-target=\\\\\\"#carousel-example-generic2\\\\\\" data-slide-to=\\\\\\"0\\\\\\" class=\\\\\\"active\\\\\\"><div class=\\\\\\"num_inner\\\\\\">1</div></li>\n									<li data-target=\\\\\\"#carousel-example-generic2\\\\\\" data-slide-to=\\\\\\"1\\\\\\"><div class=\\\\\\"num_inner\\\\\\">2</div></li>\n									<li data-target=\\\\\\"#carousel-example-generic2\\\\\\" data-slide-to=\\\\\\"2\\\\\\"><div class=\\\\\\"num_inner\\\\\\">3</div></li>\n								</ol>\n							</div> <!-- Carousel -->\n						</div>\n					</div>\n				</div>', 'privacy локаль 2 компания 5', 'terms локаль 2 компания 5'),
	(13, 6, 1, '<h2 class=\\\\\\"m_h2\\\\\\">%company_name% next generation loyalty card</h2>\n<p class=\\\\\\"title_p\\\\\\">You can <b>forget - plastic card</b> or misplace them but digital loyalty card always stays with you in your smartphone.</p>\n<p class=\\\\\\"title_p\\\\\\">Now you can see your <b>points</b></p>\n<img src=\\\\\\"/mobile/images/r_points.png\\\\\\" class=\\\\\\"m_img\\\\\\">\n<p class=\\\\\\"title_p\\\\\\">and <b>rewards</b>  you can spend them on.</p>\n<img src=\\\\\\"/mobile/images/m_rewards_img.png\\\\\\" class=\\\\\\"m_img\\\\\\">\n<p class=\\\\\\"title_p\\\\\\">Stay up to date with latest <b>news, event invitations</b> and <b>other amazing stuff</b> at your favorite place.</p>\n<img src=\\\\\\"/mobile/images/refresh.png\\\\\\" class=\\\\\\"m_img\\\\\\">', '\n				<!-- Nav tabs -->\n				<ul class=\\\\\\"nav nav-tabs\\\\\\" role=\\\\\\"tablist\\\\\\">\n					<li role=\\\\\\"presentation\\\\\\" class=\\\\\\"active nav_tabs\\\\\\">\n						<a href=\\\\\\"#get_points\\\\\\" aria-controls=\\\\\\"home\\\\\\" role=\\\\\\"tab\\\\\\" data-toggle=\\\\\\"tab\\\\\\">Get Points</a>\n					</li>\n					<li role=\\\\\\"presentation\\\\\\">\n						<a href=\\\\\\"#claim_reward\\\\\\" class=\\\\\\"nav_tabs\\\\\\" aria-controls=\\\\\\"profile\\\\\\" role=\\\\\\"tab\\\\\\" data-toggle=\\\\\\"tab\\\\\\">Claim Reward</a>\n					</li>\n				</ul>\n				<div class=\\\\\\"m_content_wrapper\\\\\\">\n					<!-- Tab panes -->\n					<div class=\\\\\\"tab-content\\\\\\">\n						<div role=\\\\\\"tabpanel\\\\\\" class=\\\\\\"tab-pane active get_points\\\\\\" id=\\\\\\"get_points\\\\\\">\n							<!-- Carousel -->\n						   <div id=\\\\\\"carousel-example-generic\\\\\\" class=\\\\\\"carousel slide\\\\\\" data-ride=\\\\\\"carousel\\\\\\" data-interval=\\\\\\"false\\\\\\">\n								<!-- Wrapper for slides -->\n								<div class=\\\\\\"carousel-inner\\\\\\">\n									<div class=\\\\\\"item active\\\\\\">\n										<p class=\\\\\\"tab_heading\\\\\\">Getting reward points easy as 1-2-3</p>\n										<img src=\\\\\\"/mobile/images/get_points_1.png\\\\\\">\n										<div class=\\\\\\"slide_title\\\\\\">\n											<div class=\\\\\\"big_number\\\\\\">1</div>\n											<p class=\\\\\\"step_title first\\\\\\">Card screen is your digital Loyalty card.</p>\n											<p class=\\\\\\"step_title second\\\\\\">Show your card screen when you are paying the bill.</p>\n											<p class=\\\\\\"green_slogan\\\\\\">Spend 1 %currency% and get %points% POINTS</p>\n										</div>\n									</div>\n									<div class=\\\\\\"item\\\\\\">\n										<img src=\\\\\\"/mobile/images/get_points_2.png\\\\\\">\n										<div class=\\\\\\"slide_title\\\\\\">\n											<div class=\\\\\\"big_number\\\\\\">2</div>\n											<p class=\\\\\\"step_title first\\\\\\">Adding points</p>\n											<p class=\\\\\\"step_title\\\\\\">Your card screen will be scanned - according to the bill amount points will be added to your account.</p>\n										</div>\n									</div>\n									<div class=\\\\\\"item\\\\\\">\n										<img src=\\\\\\"/mobile/images/get_points_3.png\\\\\\">\n										<div class=\\\\\\"slide_title\\\\\\">\n											<div class=\\\\\\"big_number\\\\\\">3</div>\n											<p class=\\\\\\"step_title first\\\\\\">More points to spend</p>\n											<p class=\\\\\\"step_title\\\\\\">Refresh your points - by pulling down card screen. System will get new data and update points on your screen.</p>\n										</div>\n									</div>\n								</div>\n							 \n								<!-- Controls -->\n								<a class=\\\\\\"left carousel-control\\\\\\" href=\\\\\\"#carousel-example-generic\\\\\\" role=\\\\\\"button\\\\\\" data-slide=\\\\\\"prev\\\\\\">\n									<div class=\\\\\\"glyphicon-box gl-left-box\\\\\\"><i class=\\\\\\"fa fa-angle-left\\\\\\"></i></span></div>\n								</a>\n								<a class=\\\\\\"right carousel-control\\\\\\" href=\\\\\\"#carousel-example-generic\\\\\\" role=\\\\\\"button\\\\\\" data-slide=\\\\\\"next\\\\\\">\n									<div class=\\\\\\"glyphicon-box gl-righ-box\\\\\\"><i class=\\\\\\"fa fa-angle-right\\\\\\"></i></div>\n								</a>\n								<!-- Indicators -->\n								<ol class=\\\\\\"carousel-indicators\\\\\\">\n									<li data-target=\\\\\\"#carousel-example-generic\\\\\\" data-slide-to=\\\\\\"0\\\\\\" class=\\\\\\"active\\\\\\"><div class=\\\\\\"num_inner\\\\\\">1</div></li>\n									<li data-target=\\\\\\"#carousel-example-generic\\\\\\" data-slide-to=\\\\\\"1\\\\\\"><div class=\\\\\\"num_inner\\\\\\">2</div></li>\n									<li data-target=\\\\\\"#carousel-example-generic\\\\\\" data-slide-to=\\\\\\"2\\\\\\"><div class=\\\\\\"num_inner\\\\\\">3</div></li>\n								</ol>\n							</div> <!-- Carousel -->\n						</div>\n						<div role=\\\\\\"tabpanel\\\\\\" class=\\\\\\"tab-pane\\\\\\" id=\\\\\\"claim_reward\\\\\\">\n							<!-- Carousel -->\n						   <div id=\\\\\\"carousel-example-generic2\\\\\\" class=\\\\\\"carousel slide\\\\\\" data-ride=\\\\\\"carousel\\\\\\" data-interval=\\\\\\"false\\\\\\">\n								<!-- Wrapper for slides -->\n								<div class=\\\\\\"carousel-inner\\\\\\">\n									<div class=\\\\\\"item active\\\\\\">\n										<img src=\\\\\\"/mobile/images/claim_reward_1.png\\\\\\">\n										<div class=\\\\\\"slide_title\\\\\\">\n											<div class=\\\\\\"big_number\\\\\\">1</div>\n											<p class=\\\\\\"step_title first\\\\\\">Choose</p>\n											<p class=\\\\\\"step_title\\\\\\">Show your card screen when you are paying the bill.</p>\n										</div>\n									</div>\n									<div class=\\\\\\"item\\\\\\">\n										<img src=\\\\\\"/mobile/images/claim_reward_2.png\\\\\\">\n										<div class=\\\\\\"slide_title\\\\\\">\n											<div class=\\\\\\"big_number\\\\\\">2</div>\n											<p class=\\\\\\"step_title first\\\\\\">Activate Reward</p>\n											<p class=\\\\\\"step_title\\\\\\">Tap Get Reward button - new screen will appear with QR code.</p>\n										</div>\n									</div>\n									<div class=\\\\\\"item\\\\\\">\n										<img src=\\\\\\"/mobile/images/claim_reward_3.png\\\\\\">\n										<div class=\\\\\\"slide_title\\\\\\">\n											<div class=\\\\\\"big_number\\\\\\">3</div>\n											<p class=\\\\\\"step_title first\\\\\\">Claim Reward</p>\n											<p class=\\\\\\"step_title\\\\\\">At the counter or waiter will scan your code and present you reward that you chosen.<br/><br/>\n											Points deducted only when your screen been scanned by the waiter or a personal at the counter with special program. You can Press claim reward and close that screen as many times as you want - points will not be deducted.\n											</p>\n										</div>\n									</div>\n								</div>\n							 \n								<!-- Controls -->\n								<a class=\\\\\\"left carousel-control\\\\\\" href=\\\\\\"#carousel-example-generic2\\\\\\" role=\\\\\\"button\\\\\\" data-slide=\\\\\\"prev\\\\\\">\n									<div class=\\\\\\"glyphicon-box gl-left-box\\\\\\"><i class=\\\\\\"fa fa-angle-left\\\\\\"></i></span></div>\n								</a>\n								<a class=\\\\\\"right carousel-control\\\\\\" href=\\\\\\"#carousel-example-generic2\\\\\\" role=\\\\\\"button\\\\\\" data-slide=\\\\\\"next\\\\\\">\n									<div class=\\\\\\"glyphicon-box gl-righ-box\\\\\\"><i class=\\\\\\"fa fa-angle-right\\\\\\"></i></div>\n								</a>\n								<!-- Indicators -->\n								<ol class=\\\\\\"carousel-indicators\\\\\\">\n									<li data-target=\\\\\\"#carousel-example-generic2\\\\\\" data-slide-to=\\\\\\"0\\\\\\" class=\\\\\\"active\\\\\\"><div class=\\\\\\"num_inner\\\\\\">1</div></li>\n									<li data-target=\\\\\\"#carousel-example-generic2\\\\\\" data-slide-to=\\\\\\"1\\\\\\"><div class=\\\\\\"num_inner\\\\\\">2</div></li>\n									<li data-target=\\\\\\"#carousel-example-generic2\\\\\\" data-slide-to=\\\\\\"2\\\\\\"><div class=\\\\\\"num_inner\\\\\\">3</div></li>\n								</ol>\n							</div> <!-- Carousel -->\n						</div>\n					</div>\n				</div>', 'privacy локаль 1 компания 5', 'terms локаль 1 компания 5'),
	(14, 6, 2, '<h2 class=\\\\\\"m_h2\\\\\\">%company_name% next generation loyalty card</h2>\n<p class=\\\\\\"title_p\\\\\\">You can <b>forget - plastic card</b> or misplace them but digital loyalty card always stays with you in your smartphone.</p>\n<p class=\\\\\\"title_p\\\\\\">Now you can see your <b>points</b></p>\n<img src=\\\\\\"/mobile/images/r_points.png\\\\\\" class=\\\\\\"m_img\\\\\\">\n<p class=\\\\\\"title_p\\\\\\">and <b>rewards</b>  you can spend them on.</p>\n<img src=\\\\\\"/mobile/images/m_rewards_img.png\\\\\\" class=\\\\\\"m_img\\\\\\">\n<p class=\\\\\\"title_p\\\\\\">Stay up to date with latest <b>news, event invitations</b> and <b>other amazing stuff</b> at your favorite place.</p>\n<img src=\\\\\\"/mobile/images/refresh.png\\\\\\" class=\\\\\\"m_img\\\\\\">', '\n				<!-- Nav tabs -->\n				<ul class=\\\\\\"nav nav-tabs\\\\\\" role=\\\\\\"tablist\\\\\\">\n					<li role=\\\\\\"presentation\\\\\\" class=\\\\\\"active nav_tabs\\\\\\">\n						<a href=\\\\\\"#get_points\\\\\\" aria-controls=\\\\\\"home\\\\\\" role=\\\\\\"tab\\\\\\" data-toggle=\\\\\\"tab\\\\\\">Get Points</a>\n					</li>\n					<li role=\\\\\\"presentation\\\\\\">\n						<a href=\\\\\\"#claim_reward\\\\\\" class=\\\\\\"nav_tabs\\\\\\" aria-controls=\\\\\\"profile\\\\\\" role=\\\\\\"tab\\\\\\" data-toggle=\\\\\\"tab\\\\\\">Claim Reward</a>\n					</li>\n				</ul>\n				<div class=\\\\\\"m_content_wrapper\\\\\\">\n					<!-- Tab panes -->\n					<div class=\\\\\\"tab-content\\\\\\">\n						<div role=\\\\\\"tabpanel\\\\\\" class=\\\\\\"tab-pane active get_points\\\\\\" id=\\\\\\"get_points\\\\\\">\n							<!-- Carousel -->\n						   <div id=\\\\\\"carousel-example-generic\\\\\\" class=\\\\\\"carousel slide\\\\\\" data-ride=\\\\\\"carousel\\\\\\" data-interval=\\\\\\"false\\\\\\">\n								<!-- Wrapper for slides -->\n								<div class=\\\\\\"carousel-inner\\\\\\">\n									<div class=\\\\\\"item active\\\\\\">\n										<p class=\\\\\\"tab_heading\\\\\\">Getting reward points easy as 1-2-3</p>\n										<img src=\\\\\\"/mobile/images/get_points_1.png\\\\\\">\n										<div class=\\\\\\"slide_title\\\\\\">\n											<div class=\\\\\\"big_number\\\\\\">1</div>\n											<p class=\\\\\\"step_title first\\\\\\">Card screen is your digital Loyalty card.</p>\n											<p class=\\\\\\"step_title second\\\\\\">Show your card screen when you are paying the bill.</p>\n											<p class=\\\\\\"green_slogan\\\\\\">Spend 1 %currency% and get %points% POINTS</p>\n										</div>\n									</div>\n									<div class=\\\\\\"item\\\\\\">\n										<img src=\\\\\\"/mobile/images/get_points_2.png\\\\\\">\n										<div class=\\\\\\"slide_title\\\\\\">\n											<div class=\\\\\\"big_number\\\\\\">2</div>\n											<p class=\\\\\\"step_title first\\\\\\">Adding points</p>\n											<p class=\\\\\\"step_title\\\\\\">Your card screen will be scanned - according to the bill amount points will be added to your account.</p>\n										</div>\n									</div>\n									<div class=\\\\\\"item\\\\\\">\n										<img src=\\\\\\"/mobile/images/get_points_3.png\\\\\\">\n										<div class=\\\\\\"slide_title\\\\\\">\n											<div class=\\\\\\"big_number\\\\\\">3</div>\n											<p class=\\\\\\"step_title first\\\\\\">More points to spend</p>\n											<p class=\\\\\\"step_title\\\\\\">Refresh your points - by pulling down card screen. System will get new data and update points on your screen.</p>\n										</div>\n									</div>\n								</div>\n							 \n								<!-- Controls -->\n								<a class=\\\\\\"left carousel-control\\\\\\" href=\\\\\\"#carousel-example-generic\\\\\\" role=\\\\\\"button\\\\\\" data-slide=\\\\\\"prev\\\\\\">\n									<div class=\\\\\\"glyphicon-box gl-left-box\\\\\\"><i class=\\\\\\"fa fa-angle-left\\\\\\"></i></span></div>\n								</a>\n								<a class=\\\\\\"right carousel-control\\\\\\" href=\\\\\\"#carousel-example-generic\\\\\\" role=\\\\\\"button\\\\\\" data-slide=\\\\\\"next\\\\\\">\n									<div class=\\\\\\"glyphicon-box gl-righ-box\\\\\\"><i class=\\\\\\"fa fa-angle-right\\\\\\"></i></div>\n								</a>\n								<!-- Indicators -->\n								<ol class=\\\\\\"carousel-indicators\\\\\\">\n									<li data-target=\\\\\\"#carousel-example-generic\\\\\\" data-slide-to=\\\\\\"0\\\\\\" class=\\\\\\"active\\\\\\"><div class=\\\\\\"num_inner\\\\\\">1</div></li>\n									<li data-target=\\\\\\"#carousel-example-generic\\\\\\" data-slide-to=\\\\\\"1\\\\\\"><div class=\\\\\\"num_inner\\\\\\">2</div></li>\n									<li data-target=\\\\\\"#carousel-example-generic\\\\\\" data-slide-to=\\\\\\"2\\\\\\"><div class=\\\\\\"num_inner\\\\\\">3</div></li>\n								</ol>\n							</div> <!-- Carousel -->\n						</div>\n						<div role=\\\\\\"tabpanel\\\\\\" class=\\\\\\"tab-pane\\\\\\" id=\\\\\\"claim_reward\\\\\\">\n							<!-- Carousel -->\n						   <div id=\\\\\\"carousel-example-generic2\\\\\\" class=\\\\\\"carousel slide\\\\\\" data-ride=\\\\\\"carousel\\\\\\" data-interval=\\\\\\"false\\\\\\">\n								<!-- Wrapper for slides -->\n								<div class=\\\\\\"carousel-inner\\\\\\">\n									<div class=\\\\\\"item active\\\\\\">\n										<img src=\\\\\\"/mobile/images/claim_reward_1.png\\\\\\">\n										<div class=\\\\\\"slide_title\\\\\\">\n											<div class=\\\\\\"big_number\\\\\\">1</div>\n											<p class=\\\\\\"step_title first\\\\\\">Choose</p>\n											<p class=\\\\\\"step_title\\\\\\">Show your card screen when you are paying the bill.</p>\n										</div>\n									</div>\n									<div class=\\\\\\"item\\\\\\">\n										<img src=\\\\\\"/mobile/images/claim_reward_2.png\\\\\\">\n										<div class=\\\\\\"slide_title\\\\\\">\n											<div class=\\\\\\"big_number\\\\\\">2</div>\n											<p class=\\\\\\"step_title first\\\\\\">Activate Reward</p>\n											<p class=\\\\\\"step_title\\\\\\">Tap Get Reward button - new screen will appear with QR code.</p>\n										</div>\n									</div>\n									<div class=\\\\\\"item\\\\\\">\n										<img src=\\\\\\"/mobile/images/claim_reward_3.png\\\\\\">\n										<div class=\\\\\\"slide_title\\\\\\">\n											<div class=\\\\\\"big_number\\\\\\">3</div>\n											<p class=\\\\\\"step_title first\\\\\\">Claim Reward</p>\n											<p class=\\\\\\"step_title\\\\\\">At the counter or waiter will scan your code and present you reward that you chosen.<br/><br/>\n											Points deducted only when your screen been scanned by the waiter or a personal at the counter with special program. You can Press claim reward and close that screen as many times as you want - points will not be deducted.\n											</p>\n										</div>\n									</div>\n								</div>\n							 \n								<!-- Controls -->\n								<a class=\\\\\\"left carousel-control\\\\\\" href=\\\\\\"#carousel-example-generic2\\\\\\" role=\\\\\\"button\\\\\\" data-slide=\\\\\\"prev\\\\\\">\n									<div class=\\\\\\"glyphicon-box gl-left-box\\\\\\"><i class=\\\\\\"fa fa-angle-left\\\\\\"></i></span></div>\n								</a>\n								<a class=\\\\\\"right carousel-control\\\\\\" href=\\\\\\"#carousel-example-generic2\\\\\\" role=\\\\\\"button\\\\\\" data-slide=\\\\\\"next\\\\\\">\n									<div class=\\\\\\"glyphicon-box gl-righ-box\\\\\\"><i class=\\\\\\"fa fa-angle-right\\\\\\"></i></div>\n								</a>\n								<!-- Indicators -->\n								<ol class=\\\\\\"carousel-indicators\\\\\\">\n									<li data-target=\\\\\\"#carousel-example-generic2\\\\\\" data-slide-to=\\\\\\"0\\\\\\" class=\\\\\\"active\\\\\\"><div class=\\\\\\"num_inner\\\\\\">1</div></li>\n									<li data-target=\\\\\\"#carousel-example-generic2\\\\\\" data-slide-to=\\\\\\"1\\\\\\"><div class=\\\\\\"num_inner\\\\\\">2</div></li>\n									<li data-target=\\\\\\"#carousel-example-generic2\\\\\\" data-slide-to=\\\\\\"2\\\\\\"><div class=\\\\\\"num_inner\\\\\\">3</div></li>\n								</ol>\n							</div> <!-- Carousel -->\n						</div>\n					</div>\n				</div>', 'privacy локаль 2 компания 5', 'terms локаль 2 компания 5'),
	(15, 7, 1, '<h2 class=\\\\\\"m_h2\\\\\\">%company_name% next generation loyalty card</h2>\n<p class=\\\\\\"title_p\\\\\\">You can <b>forget - plastic card</b> or misplace them but digital loyalty card always stays with you in your smartphone.</p>\n<p class=\\\\\\"title_p\\\\\\">Now you can see your <b>points</b></p>\n<img src=\\\\\\"/mobile/images/r_points.png\\\\\\" class=\\\\\\"m_img\\\\\\">\n<p class=\\\\\\"title_p\\\\\\">and <b>rewards</b>  you can spend them on.</p>\n<img src=\\\\\\"/mobile/images/m_rewards_img.png\\\\\\" class=\\\\\\"m_img\\\\\\">\n<p class=\\\\\\"title_p\\\\\\">Stay up to date with latest <b>news, event invitations</b> and <b>other amazing stuff</b> at your favorite place.</p>\n<img src=\\\\\\"/mobile/images/refresh.png\\\\\\" class=\\\\\\"m_img\\\\\\">', '\n				<!-- Nav tabs -->\n				<ul class=\\\\\\"nav nav-tabs\\\\\\" role=\\\\\\"tablist\\\\\\">\n					<li role=\\\\\\"presentation\\\\\\" class=\\\\\\"active nav_tabs\\\\\\">\n						<a href=\\\\\\"#get_points\\\\\\" aria-controls=\\\\\\"home\\\\\\" role=\\\\\\"tab\\\\\\" data-toggle=\\\\\\"tab\\\\\\">Get Points</a>\n					</li>\n					<li role=\\\\\\"presentation\\\\\\">\n						<a href=\\\\\\"#claim_reward\\\\\\" class=\\\\\\"nav_tabs\\\\\\" aria-controls=\\\\\\"profile\\\\\\" role=\\\\\\"tab\\\\\\" data-toggle=\\\\\\"tab\\\\\\">Claim Reward</a>\n					</li>\n				</ul>\n				<div class=\\\\\\"m_content_wrapper\\\\\\">\n					<!-- Tab panes -->\n					<div class=\\\\\\"tab-content\\\\\\">\n						<div role=\\\\\\"tabpanel\\\\\\" class=\\\\\\"tab-pane active get_points\\\\\\" id=\\\\\\"get_points\\\\\\">\n							<!-- Carousel -->\n						   <div id=\\\\\\"carousel-example-generic\\\\\\" class=\\\\\\"carousel slide\\\\\\" data-ride=\\\\\\"carousel\\\\\\" data-interval=\\\\\\"false\\\\\\">\n								<!-- Wrapper for slides -->\n								<div class=\\\\\\"carousel-inner\\\\\\">\n									<div class=\\\\\\"item active\\\\\\">\n										<p class=\\\\\\"tab_heading\\\\\\">Getting reward points easy as 1-2-3</p>\n										<img src=\\\\\\"/mobile/images/get_points_1.png\\\\\\">\n										<div class=\\\\\\"slide_title\\\\\\">\n											<div class=\\\\\\"big_number\\\\\\">1</div>\n											<p class=\\\\\\"step_title first\\\\\\">Card screen is your digital Loyalty card.</p>\n											<p class=\\\\\\"step_title second\\\\\\">Show your card screen when you are paying the bill.</p>\n											<p class=\\\\\\"green_slogan\\\\\\">Spend 1 %currency% and get %points% POINTS</p>\n										</div>\n									</div>\n									<div class=\\\\\\"item\\\\\\">\n										<img src=\\\\\\"/mobile/images/get_points_2.png\\\\\\">\n										<div class=\\\\\\"slide_title\\\\\\">\n											<div class=\\\\\\"big_number\\\\\\">2</div>\n											<p class=\\\\\\"step_title first\\\\\\">Adding points</p>\n											<p class=\\\\\\"step_title\\\\\\">Your card screen will be scanned - according to the bill amount points will be added to your account.</p>\n										</div>\n									</div>\n									<div class=\\\\\\"item\\\\\\">\n										<img src=\\\\\\"/mobile/images/get_points_3.png\\\\\\">\n										<div class=\\\\\\"slide_title\\\\\\">\n											<div class=\\\\\\"big_number\\\\\\">3</div>\n											<p class=\\\\\\"step_title first\\\\\\">More points to spend</p>\n											<p class=\\\\\\"step_title\\\\\\">Refresh your points - by pulling down card screen. System will get new data and update points on your screen.</p>\n										</div>\n									</div>\n								</div>\n							 \n								<!-- Controls -->\n								<a class=\\\\\\"left carousel-control\\\\\\" href=\\\\\\"#carousel-example-generic\\\\\\" role=\\\\\\"button\\\\\\" data-slide=\\\\\\"prev\\\\\\">\n									<div class=\\\\\\"glyphicon-box gl-left-box\\\\\\"><i class=\\\\\\"fa fa-angle-left\\\\\\"></i></span></div>\n								</a>\n								<a class=\\\\\\"right carousel-control\\\\\\" href=\\\\\\"#carousel-example-generic\\\\\\" role=\\\\\\"button\\\\\\" data-slide=\\\\\\"next\\\\\\">\n									<div class=\\\\\\"glyphicon-box gl-righ-box\\\\\\"><i class=\\\\\\"fa fa-angle-right\\\\\\"></i></div>\n								</a>\n								<!-- Indicators -->\n								<ol class=\\\\\\"carousel-indicators\\\\\\">\n									<li data-target=\\\\\\"#carousel-example-generic\\\\\\" data-slide-to=\\\\\\"0\\\\\\" class=\\\\\\"active\\\\\\"><div class=\\\\\\"num_inner\\\\\\">1</div></li>\n									<li data-target=\\\\\\"#carousel-example-generic\\\\\\" data-slide-to=\\\\\\"1\\\\\\"><div class=\\\\\\"num_inner\\\\\\">2</div></li>\n									<li data-target=\\\\\\"#carousel-example-generic\\\\\\" data-slide-to=\\\\\\"2\\\\\\"><div class=\\\\\\"num_inner\\\\\\">3</div></li>\n								</ol>\n							</div> <!-- Carousel -->\n						</div>\n						<div role=\\\\\\"tabpanel\\\\\\" class=\\\\\\"tab-pane\\\\\\" id=\\\\\\"claim_reward\\\\\\">\n							<!-- Carousel -->\n						   <div id=\\\\\\"carousel-example-generic2\\\\\\" class=\\\\\\"carousel slide\\\\\\" data-ride=\\\\\\"carousel\\\\\\" data-interval=\\\\\\"false\\\\\\">\n								<!-- Wrapper for slides -->\n								<div class=\\\\\\"carousel-inner\\\\\\">\n									<div class=\\\\\\"item active\\\\\\">\n										<img src=\\\\\\"/mobile/images/claim_reward_1.png\\\\\\">\n										<div class=\\\\\\"slide_title\\\\\\">\n											<div class=\\\\\\"big_number\\\\\\">1</div>\n											<p class=\\\\\\"step_title first\\\\\\">Choose</p>\n											<p class=\\\\\\"step_title\\\\\\">Show your card screen when you are paying the bill.</p>\n										</div>\n									</div>\n									<div class=\\\\\\"item\\\\\\">\n										<img src=\\\\\\"/mobile/images/claim_reward_2.png\\\\\\">\n										<div class=\\\\\\"slide_title\\\\\\">\n											<div class=\\\\\\"big_number\\\\\\">2</div>\n											<p class=\\\\\\"step_title first\\\\\\">Activate Reward</p>\n											<p class=\\\\\\"step_title\\\\\\">Tap Get Reward button - new screen will appear with QR code.</p>\n										</div>\n									</div>\n									<div class=\\\\\\"item\\\\\\">\n										<img src=\\\\\\"/mobile/images/claim_reward_3.png\\\\\\">\n										<div class=\\\\\\"slide_title\\\\\\">\n											<div class=\\\\\\"big_number\\\\\\">3</div>\n											<p class=\\\\\\"step_title first\\\\\\">Claim Reward</p>\n											<p class=\\\\\\"step_title\\\\\\">At the counter or waiter will scan your code and present you reward that you chosen.<br/><br/>\n											Points deducted only when your screen been scanned by the waiter or a personal at the counter with special program. You can Press claim reward and close that screen as many times as you want - points will not be deducted.\n											</p>\n										</div>\n									</div>\n								</div>\n							 \n								<!-- Controls -->\n								<a class=\\\\\\"left carousel-control\\\\\\" href=\\\\\\"#carousel-example-generic2\\\\\\" role=\\\\\\"button\\\\\\" data-slide=\\\\\\"prev\\\\\\">\n									<div class=\\\\\\"glyphicon-box gl-left-box\\\\\\"><i class=\\\\\\"fa fa-angle-left\\\\\\"></i></span></div>\n								</a>\n								<a class=\\\\\\"right carousel-control\\\\\\" href=\\\\\\"#carousel-example-generic2\\\\\\" role=\\\\\\"button\\\\\\" data-slide=\\\\\\"next\\\\\\">\n									<div class=\\\\\\"glyphicon-box gl-righ-box\\\\\\"><i class=\\\\\\"fa fa-angle-right\\\\\\"></i></div>\n								</a>\n								<!-- Indicators -->\n								<ol class=\\\\\\"carousel-indicators\\\\\\">\n									<li data-target=\\\\\\"#carousel-example-generic2\\\\\\" data-slide-to=\\\\\\"0\\\\\\" class=\\\\\\"active\\\\\\"><div class=\\\\\\"num_inner\\\\\\">1</div></li>\n									<li data-target=\\\\\\"#carousel-example-generic2\\\\\\" data-slide-to=\\\\\\"1\\\\\\"><div class=\\\\\\"num_inner\\\\\\">2</div></li>\n									<li data-target=\\\\\\"#carousel-example-generic2\\\\\\" data-slide-to=\\\\\\"2\\\\\\"><div class=\\\\\\"num_inner\\\\\\">3</div></li>\n								</ol>\n							</div> <!-- Carousel -->\n						</div>\n					</div>\n				</div>', 'privacy локаль 1 компания 5', 'terms локаль 1 компания 5'),
	(16, 7, 2, '<h2 class=\\\\\\"m_h2\\\\\\">%company_name% next generation loyalty card</h2>\n<p class=\\\\\\"title_p\\\\\\">You can <b>forget - plastic card</b> or misplace them but digital loyalty card always stays with you in your smartphone.</p>\n<p class=\\\\\\"title_p\\\\\\">Now you can see your <b>points</b></p>\n<img src=\\\\\\"/mobile/images/r_points.png\\\\\\" class=\\\\\\"m_img\\\\\\">\n<p class=\\\\\\"title_p\\\\\\">and <b>rewards</b>  you can spend them on.</p>\n<img src=\\\\\\"/mobile/images/m_rewards_img.png\\\\\\" class=\\\\\\"m_img\\\\\\">\n<p class=\\\\\\"title_p\\\\\\">Stay up to date with latest <b>news, event invitations</b> and <b>other amazing stuff</b> at your favorite place.</p>\n<img src=\\\\\\"/mobile/images/refresh.png\\\\\\" class=\\\\\\"m_img\\\\\\">', '\n				<!-- Nav tabs -->\n				<ul class=\\\\\\"nav nav-tabs\\\\\\" role=\\\\\\"tablist\\\\\\">\n					<li role=\\\\\\"presentation\\\\\\" class=\\\\\\"active nav_tabs\\\\\\">\n						<a href=\\\\\\"#get_points\\\\\\" aria-controls=\\\\\\"home\\\\\\" role=\\\\\\"tab\\\\\\" data-toggle=\\\\\\"tab\\\\\\">Get Points</a>\n					</li>\n					<li role=\\\\\\"presentation\\\\\\">\n						<a href=\\\\\\"#claim_reward\\\\\\" class=\\\\\\"nav_tabs\\\\\\" aria-controls=\\\\\\"profile\\\\\\" role=\\\\\\"tab\\\\\\" data-toggle=\\\\\\"tab\\\\\\">Claim Reward</a>\n					</li>\n				</ul>\n				<div class=\\\\\\"m_content_wrapper\\\\\\">\n					<!-- Tab panes -->\n					<div class=\\\\\\"tab-content\\\\\\">\n						<div role=\\\\\\"tabpanel\\\\\\" class=\\\\\\"tab-pane active get_points\\\\\\" id=\\\\\\"get_points\\\\\\">\n							<!-- Carousel -->\n						   <div id=\\\\\\"carousel-example-generic\\\\\\" class=\\\\\\"carousel slide\\\\\\" data-ride=\\\\\\"carousel\\\\\\" data-interval=\\\\\\"false\\\\\\">\n								<!-- Wrapper for slides -->\n								<div class=\\\\\\"carousel-inner\\\\\\">\n									<div class=\\\\\\"item active\\\\\\">\n										<p class=\\\\\\"tab_heading\\\\\\">Getting reward points easy as 1-2-3</p>\n										<img src=\\\\\\"/mobile/images/get_points_1.png\\\\\\">\n										<div class=\\\\\\"slide_title\\\\\\">\n											<div class=\\\\\\"big_number\\\\\\">1</div>\n											<p class=\\\\\\"step_title first\\\\\\">Card screen is your digital Loyalty card.</p>\n											<p class=\\\\\\"step_title second\\\\\\">Show your card screen when you are paying the bill.</p>\n											<p class=\\\\\\"green_slogan\\\\\\">Spend 1 %currency% and get %points% POINTS</p>\n										</div>\n									</div>\n									<div class=\\\\\\"item\\\\\\">\n										<img src=\\\\\\"/mobile/images/get_points_2.png\\\\\\">\n										<div class=\\\\\\"slide_title\\\\\\">\n											<div class=\\\\\\"big_number\\\\\\">2</div>\n											<p class=\\\\\\"step_title first\\\\\\">Adding points</p>\n											<p class=\\\\\\"step_title\\\\\\">Your card screen will be scanned - according to the bill amount points will be added to your account.</p>\n										</div>\n									</div>\n									<div class=\\\\\\"item\\\\\\">\n										<img src=\\\\\\"/mobile/images/get_points_3.png\\\\\\">\n										<div class=\\\\\\"slide_title\\\\\\">\n											<div class=\\\\\\"big_number\\\\\\">3</div>\n											<p class=\\\\\\"step_title first\\\\\\">More points to spend</p>\n											<p class=\\\\\\"step_title\\\\\\">Refresh your points - by pulling down card screen. System will get new data and update points on your screen.</p>\n										</div>\n									</div>\n								</div>\n							 \n								<!-- Controls -->\n								<a class=\\\\\\"left carousel-control\\\\\\" href=\\\\\\"#carousel-example-generic\\\\\\" role=\\\\\\"button\\\\\\" data-slide=\\\\\\"prev\\\\\\">\n									<div class=\\\\\\"glyphicon-box gl-left-box\\\\\\"><i class=\\\\\\"fa fa-angle-left\\\\\\"></i></span></div>\n								</a>\n								<a class=\\\\\\"right carousel-control\\\\\\" href=\\\\\\"#carousel-example-generic\\\\\\" role=\\\\\\"button\\\\\\" data-slide=\\\\\\"next\\\\\\">\n									<div class=\\\\\\"glyphicon-box gl-righ-box\\\\\\"><i class=\\\\\\"fa fa-angle-right\\\\\\"></i></div>\n								</a>\n								<!-- Indicators -->\n								<ol class=\\\\\\"carousel-indicators\\\\\\">\n									<li data-target=\\\\\\"#carousel-example-generic\\\\\\" data-slide-to=\\\\\\"0\\\\\\" class=\\\\\\"active\\\\\\"><div class=\\\\\\"num_inner\\\\\\">1</div></li>\n									<li data-target=\\\\\\"#carousel-example-generic\\\\\\" data-slide-to=\\\\\\"1\\\\\\"><div class=\\\\\\"num_inner\\\\\\">2</div></li>\n									<li data-target=\\\\\\"#carousel-example-generic\\\\\\" data-slide-to=\\\\\\"2\\\\\\"><div class=\\\\\\"num_inner\\\\\\">3</div></li>\n								</ol>\n							</div> <!-- Carousel -->\n						</div>\n						<div role=\\\\\\"tabpanel\\\\\\" class=\\\\\\"tab-pane\\\\\\" id=\\\\\\"claim_reward\\\\\\">\n							<!-- Carousel -->\n						   <div id=\\\\\\"carousel-example-generic2\\\\\\" class=\\\\\\"carousel slide\\\\\\" data-ride=\\\\\\"carousel\\\\\\" data-interval=\\\\\\"false\\\\\\">\n								<!-- Wrapper for slides -->\n								<div class=\\\\\\"carousel-inner\\\\\\">\n									<div class=\\\\\\"item active\\\\\\">\n										<img src=\\\\\\"/mobile/images/claim_reward_1.png\\\\\\">\n										<div class=\\\\\\"slide_title\\\\\\">\n											<div class=\\\\\\"big_number\\\\\\">1</div>\n											<p class=\\\\\\"step_title first\\\\\\">Choose</p>\n											<p class=\\\\\\"step_title\\\\\\">Show your card screen when you are paying the bill.</p>\n										</div>\n									</div>\n									<div class=\\\\\\"item\\\\\\">\n										<img src=\\\\\\"/mobile/images/claim_reward_2.png\\\\\\">\n										<div class=\\\\\\"slide_title\\\\\\">\n											<div class=\\\\\\"big_number\\\\\\">2</div>\n											<p class=\\\\\\"step_title first\\\\\\">Activate Reward</p>\n											<p class=\\\\\\"step_title\\\\\\">Tap Get Reward button - new screen will appear with QR code.</p>\n										</div>\n									</div>\n									<div class=\\\\\\"item\\\\\\">\n										<img src=\\\\\\"/mobile/images/claim_reward_3.png\\\\\\">\n										<div class=\\\\\\"slide_title\\\\\\">\n											<div class=\\\\\\"big_number\\\\\\">3</div>\n											<p class=\\\\\\"step_title first\\\\\\">Claim Reward</p>\n											<p class=\\\\\\"step_title\\\\\\">At the counter or waiter will scan your code and present you reward that you chosen.<br/><br/>\n											Points deducted only when your screen been scanned by the waiter or a personal at the counter with special program. You can Press claim reward and close that screen as many times as you want - points will not be deducted.\n											</p>\n										</div>\n									</div>\n								</div>\n							 \n								<!-- Controls -->\n								<a class=\\\\\\"left carousel-control\\\\\\" href=\\\\\\"#carousel-example-generic2\\\\\\" role=\\\\\\"button\\\\\\" data-slide=\\\\\\"prev\\\\\\">\n									<div class=\\\\\\"glyphicon-box gl-left-box\\\\\\"><i class=\\\\\\"fa fa-angle-left\\\\\\"></i></span></div>\n								</a>\n								<a class=\\\\\\"right carousel-control\\\\\\" href=\\\\\\"#carousel-example-generic2\\\\\\" role=\\\\\\"button\\\\\\" data-slide=\\\\\\"next\\\\\\">\n									<div class=\\\\\\"glyphicon-box gl-righ-box\\\\\\"><i class=\\\\\\"fa fa-angle-right\\\\\\"></i></div>\n								</a>\n								<!-- Indicators -->\n								<ol class=\\\\\\"carousel-indicators\\\\\\">\n									<li data-target=\\\\\\"#carousel-example-generic2\\\\\\" data-slide-to=\\\\\\"0\\\\\\" class=\\\\\\"active\\\\\\"><div class=\\\\\\"num_inner\\\\\\">1</div></li>\n									<li data-target=\\\\\\"#carousel-example-generic2\\\\\\" data-slide-to=\\\\\\"1\\\\\\"><div class=\\\\\\"num_inner\\\\\\">2</div></li>\n									<li data-target=\\\\\\"#carousel-example-generic2\\\\\\" data-slide-to=\\\\\\"2\\\\\\"><div class=\\\\\\"num_inner\\\\\\">3</div></li>\n								</ol>\n							</div> <!-- Carousel -->\n						</div>\n					</div>\n				</div>', 'privacy локаль 2 компания 5', 'terms локаль 2 компания 5'),
	(19, 9, 1, '<h2 class=\\\\\\"m_h2\\\\\\">%company_name% next generation loyalty card</h2>\n<p class=\\\\\\"title_p\\\\\\">You can <b>forget - plastic card</b> or misplace them but digital loyalty card always stays with you in your smartphone.</p>\n<p class=\\\\\\"title_p\\\\\\">Now you can see your <b>points</b></p>\n<img src=\\\\\\"/mobile/images/r_points.png\\\\\\" class=\\\\\\"m_img\\\\\\">\n<p class=\\\\\\"title_p\\\\\\">and <b>rewards</b>  you can spend them on.</p>\n<img src=\\\\\\"/mobile/images/m_rewards_img.png\\\\\\" class=\\\\\\"m_img\\\\\\">\n<p class=\\\\\\"title_p\\\\\\">Stay up to date with latest <b>news, event invitations</b> and <b>other amazing stuff</b> at your favorite place.</p>\n<img src=\\\\\\"/mobile/images/refresh.png\\\\\\" class=\\\\\\"m_img\\\\\\">', '\n				<!-- Nav tabs -->\n				<ul class=\\\\\\"nav nav-tabs\\\\\\" role=\\\\\\"tablist\\\\\\">\n					<li role=\\\\\\"presentation\\\\\\" class=\\\\\\"active nav_tabs\\\\\\">\n						<a href=\\\\\\"#get_points\\\\\\" aria-controls=\\\\\\"home\\\\\\" role=\\\\\\"tab\\\\\\" data-toggle=\\\\\\"tab\\\\\\">Get Points</a>\n					</li>\n					<li role=\\\\\\"presentation\\\\\\">\n						<a href=\\\\\\"#claim_reward\\\\\\" class=\\\\\\"nav_tabs\\\\\\" aria-controls=\\\\\\"profile\\\\\\" role=\\\\\\"tab\\\\\\" data-toggle=\\\\\\"tab\\\\\\">Claim Reward</a>\n					</li>\n				</ul>\n				<div class=\\\\\\"m_content_wrapper\\\\\\">\n					<!-- Tab panes -->\n					<div class=\\\\\\"tab-content\\\\\\">\n						<div role=\\\\\\"tabpanel\\\\\\" class=\\\\\\"tab-pane active get_points\\\\\\" id=\\\\\\"get_points\\\\\\">\n							<!-- Carousel -->\n						   <div id=\\\\\\"carousel-example-generic\\\\\\" class=\\\\\\"carousel slide\\\\\\" data-ride=\\\\\\"carousel\\\\\\" data-interval=\\\\\\"false\\\\\\">\n								<!-- Wrapper for slides -->\n								<div class=\\\\\\"carousel-inner\\\\\\">\n									<div class=\\\\\\"item active\\\\\\">\n										<p class=\\\\\\"tab_heading\\\\\\">Getting reward points easy as 1-2-3</p>\n										<img src=\\\\\\"/mobile/images/get_points_1.png\\\\\\">\n										<div class=\\\\\\"slide_title\\\\\\">\n											<div class=\\\\\\"big_number\\\\\\">1</div>\n											<p class=\\\\\\"step_title first\\\\\\">Card screen is your digital Loyalty card.</p>\n											<p class=\\\\\\"step_title second\\\\\\">Show your card screen when you are paying the bill.</p>\n											<p class=\\\\\\"green_slogan\\\\\\">Spend 1 %currency% and get %points% POINTS</p>\n										</div>\n									</div>\n									<div class=\\\\\\"item\\\\\\">\n										<img src=\\\\\\"/mobile/images/get_points_2.png\\\\\\">\n										<div class=\\\\\\"slide_title\\\\\\">\n											<div class=\\\\\\"big_number\\\\\\">2</div>\n											<p class=\\\\\\"step_title first\\\\\\">Adding points</p>\n											<p class=\\\\\\"step_title\\\\\\">Your card screen will be scanned - according to the bill amount points will be added to your account.</p>\n										</div>\n									</div>\n									<div class=\\\\\\"item\\\\\\">\n										<img src=\\\\\\"/mobile/images/get_points_3.png\\\\\\">\n										<div class=\\\\\\"slide_title\\\\\\">\n											<div class=\\\\\\"big_number\\\\\\">3</div>\n											<p class=\\\\\\"step_title first\\\\\\">More points to spend</p>\n											<p class=\\\\\\"step_title\\\\\\">Refresh your points - by pulling down card screen. System will get new data and update points on your screen.</p>\n										</div>\n									</div>\n								</div>\n							 \n								<!-- Controls -->\n								<a class=\\\\\\"left carousel-control\\\\\\" href=\\\\\\"#carousel-example-generic\\\\\\" role=\\\\\\"button\\\\\\" data-slide=\\\\\\"prev\\\\\\">\n									<div class=\\\\\\"glyphicon-box gl-left-box\\\\\\"><i class=\\\\\\"fa fa-angle-left\\\\\\"></i></span></div>\n								</a>\n								<a class=\\\\\\"right carousel-control\\\\\\" href=\\\\\\"#carousel-example-generic\\\\\\" role=\\\\\\"button\\\\\\" data-slide=\\\\\\"next\\\\\\">\n									<div class=\\\\\\"glyphicon-box gl-righ-box\\\\\\"><i class=\\\\\\"fa fa-angle-right\\\\\\"></i></div>\n								</a>\n								<!-- Indicators -->\n								<ol class=\\\\\\"carousel-indicators\\\\\\">\n									<li data-target=\\\\\\"#carousel-example-generic\\\\\\" data-slide-to=\\\\\\"0\\\\\\" class=\\\\\\"active\\\\\\"><div class=\\\\\\"num_inner\\\\\\">1</div></li>\n									<li data-target=\\\\\\"#carousel-example-generic\\\\\\" data-slide-to=\\\\\\"1\\\\\\"><div class=\\\\\\"num_inner\\\\\\">2</div></li>\n									<li data-target=\\\\\\"#carousel-example-generic\\\\\\" data-slide-to=\\\\\\"2\\\\\\"><div class=\\\\\\"num_inner\\\\\\">3</div></li>\n								</ol>\n							</div> <!-- Carousel -->\n						</div>\n						<div role=\\\\\\"tabpanel\\\\\\" class=\\\\\\"tab-pane\\\\\\" id=\\\\\\"claim_reward\\\\\\">\n							<!-- Carousel -->\n						   <div id=\\\\\\"carousel-example-generic2\\\\\\" class=\\\\\\"carousel slide\\\\\\" data-ride=\\\\\\"carousel\\\\\\" data-interval=\\\\\\"false\\\\\\">\n								<!-- Wrapper for slides -->\n								<div class=\\\\\\"carousel-inner\\\\\\">\n									<div class=\\\\\\"item active\\\\\\">\n										<img src=\\\\\\"/mobile/images/claim_reward_1.png\\\\\\">\n										<div class=\\\\\\"slide_title\\\\\\">\n											<div class=\\\\\\"big_number\\\\\\">1</div>\n											<p class=\\\\\\"step_title first\\\\\\">Choose</p>\n											<p class=\\\\\\"step_title\\\\\\">Show your card screen when you are paying the bill.</p>\n										</div>\n									</div>\n									<div class=\\\\\\"item\\\\\\">\n										<img src=\\\\\\"/mobile/images/claim_reward_2.png\\\\\\">\n										<div class=\\\\\\"slide_title\\\\\\">\n											<div class=\\\\\\"big_number\\\\\\">2</div>\n											<p class=\\\\\\"step_title first\\\\\\">Activate Reward</p>\n											<p class=\\\\\\"step_title\\\\\\">Tap Get Reward button - new screen will appear with QR code.</p>\n										</div>\n									</div>\n									<div class=\\\\\\"item\\\\\\">\n										<img src=\\\\\\"/mobile/images/claim_reward_3.png\\\\\\">\n										<div class=\\\\\\"slide_title\\\\\\">\n											<div class=\\\\\\"big_number\\\\\\">3</div>\n											<p class=\\\\\\"step_title first\\\\\\">Claim Reward</p>\n											<p class=\\\\\\"step_title\\\\\\">At the counter or waiter will scan your code and present you reward that you chosen.<br/><br/>\n											Points deducted only when your screen been scanned by the waiter or a personal at the counter with special program. You can Press claim reward and close that screen as many times as you want - points will not be deducted.\n											</p>\n										</div>\n									</div>\n								</div>\n							 \n								<!-- Controls -->\n								<a class=\\\\\\"left carousel-control\\\\\\" href=\\\\\\"#carousel-example-generic2\\\\\\" role=\\\\\\"button\\\\\\" data-slide=\\\\\\"prev\\\\\\">\n									<div class=\\\\\\"glyphicon-box gl-left-box\\\\\\"><i class=\\\\\\"fa fa-angle-left\\\\\\"></i></span></div>\n								</a>\n								<a class=\\\\\\"right carousel-control\\\\\\" href=\\\\\\"#carousel-example-generic2\\\\\\" role=\\\\\\"button\\\\\\" data-slide=\\\\\\"next\\\\\\">\n									<div class=\\\\\\"glyphicon-box gl-righ-box\\\\\\"><i class=\\\\\\"fa fa-angle-right\\\\\\"></i></div>\n								</a>\n								<!-- Indicators -->\n								<ol class=\\\\\\"carousel-indicators\\\\\\">\n									<li data-target=\\\\\\"#carousel-example-generic2\\\\\\" data-slide-to=\\\\\\"0\\\\\\" class=\\\\\\"active\\\\\\"><div class=\\\\\\"num_inner\\\\\\">1</div></li>\n									<li data-target=\\\\\\"#carousel-example-generic2\\\\\\" data-slide-to=\\\\\\"1\\\\\\"><div class=\\\\\\"num_inner\\\\\\">2</div></li>\n									<li data-target=\\\\\\"#carousel-example-generic2\\\\\\" data-slide-to=\\\\\\"2\\\\\\"><div class=\\\\\\"num_inner\\\\\\">3</div></li>\n								</ol>\n							</div> <!-- Carousel -->\n						</div>\n					</div>\n				</div>', 'privacy локаль 1 компания 5', 'terms локаль 1 компания 5'),
	(20, 9, 2, '<h2 class=\\\\\\"m_h2\\\\\\">%company_name% next generation loyalty card</h2>\n<p class=\\\\\\"title_p\\\\\\">You can <b>forget - plastic card</b> or misplace them but digital loyalty card always stays with you in your smartphone.</p>\n<p class=\\\\\\"title_p\\\\\\">Now you can see your <b>points</b></p>\n<img src=\\\\\\"/mobile/images/r_points.png\\\\\\" class=\\\\\\"m_img\\\\\\">\n<p class=\\\\\\"title_p\\\\\\">and <b>rewards</b>  you can spend them on.</p>\n<img src=\\\\\\"/mobile/images/m_rewards_img.png\\\\\\" class=\\\\\\"m_img\\\\\\">\n<p class=\\\\\\"title_p\\\\\\">Stay up to date with latest <b>news, event invitations</b> and <b>other amazing stuff</b> at your favorite place.</p>\n<img src=\\\\\\"/mobile/images/refresh.png\\\\\\" class=\\\\\\"m_img\\\\\\">', '\n				<!-- Nav tabs -->\n				<ul class=\\\\\\"nav nav-tabs\\\\\\" role=\\\\\\"tablist\\\\\\">\n					<li role=\\\\\\"presentation\\\\\\" class=\\\\\\"active nav_tabs\\\\\\">\n						<a href=\\\\\\"#get_points\\\\\\" aria-controls=\\\\\\"home\\\\\\" role=\\\\\\"tab\\\\\\" data-toggle=\\\\\\"tab\\\\\\">Get Points</a>\n					</li>\n					<li role=\\\\\\"presentation\\\\\\">\n						<a href=\\\\\\"#claim_reward\\\\\\" class=\\\\\\"nav_tabs\\\\\\" aria-controls=\\\\\\"profile\\\\\\" role=\\\\\\"tab\\\\\\" data-toggle=\\\\\\"tab\\\\\\">Claim Reward</a>\n					</li>\n				</ul>\n				<div class=\\\\\\"m_content_wrapper\\\\\\">\n					<!-- Tab panes -->\n					<div class=\\\\\\"tab-content\\\\\\">\n						<div role=\\\\\\"tabpanel\\\\\\" class=\\\\\\"tab-pane active get_points\\\\\\" id=\\\\\\"get_points\\\\\\">\n							<!-- Carousel -->\n						   <div id=\\\\\\"carousel-example-generic\\\\\\" class=\\\\\\"carousel slide\\\\\\" data-ride=\\\\\\"carousel\\\\\\" data-interval=\\\\\\"false\\\\\\">\n								<!-- Wrapper for slides -->\n								<div class=\\\\\\"carousel-inner\\\\\\">\n									<div class=\\\\\\"item active\\\\\\">\n										<p class=\\\\\\"tab_heading\\\\\\">Getting reward points easy as 1-2-3</p>\n										<img src=\\\\\\"/mobile/images/get_points_1.png\\\\\\">\n										<div class=\\\\\\"slide_title\\\\\\">\n											<div class=\\\\\\"big_number\\\\\\">1</div>\n											<p class=\\\\\\"step_title first\\\\\\">Card screen is your digital Loyalty card.</p>\n											<p class=\\\\\\"step_title second\\\\\\">Show your card screen when you are paying the bill.</p>\n											<p class=\\\\\\"green_slogan\\\\\\">Spend 1 %currency% and get %points% POINTS</p>\n										</div>\n									</div>\n									<div class=\\\\\\"item\\\\\\">\n										<img src=\\\\\\"/mobile/images/get_points_2.png\\\\\\">\n										<div class=\\\\\\"slide_title\\\\\\">\n											<div class=\\\\\\"big_number\\\\\\">2</div>\n											<p class=\\\\\\"step_title first\\\\\\">Adding points</p>\n											<p class=\\\\\\"step_title\\\\\\">Your card screen will be scanned - according to the bill amount points will be added to your account.</p>\n										</div>\n									</div>\n									<div class=\\\\\\"item\\\\\\">\n										<img src=\\\\\\"/mobile/images/get_points_3.png\\\\\\">\n										<div class=\\\\\\"slide_title\\\\\\">\n											<div class=\\\\\\"big_number\\\\\\">3</div>\n											<p class=\\\\\\"step_title first\\\\\\">More points to spend</p>\n											<p class=\\\\\\"step_title\\\\\\">Refresh your points - by pulling down card screen. System will get new data and update points on your screen.</p>\n										</div>\n									</div>\n								</div>\n							 \n								<!-- Controls -->\n								<a class=\\\\\\"left carousel-control\\\\\\" href=\\\\\\"#carousel-example-generic\\\\\\" role=\\\\\\"button\\\\\\" data-slide=\\\\\\"prev\\\\\\">\n									<div class=\\\\\\"glyphicon-box gl-left-box\\\\\\"><i class=\\\\\\"fa fa-angle-left\\\\\\"></i></span></div>\n								</a>\n								<a class=\\\\\\"right carousel-control\\\\\\" href=\\\\\\"#carousel-example-generic\\\\\\" role=\\\\\\"button\\\\\\" data-slide=\\\\\\"next\\\\\\">\n									<div class=\\\\\\"glyphicon-box gl-righ-box\\\\\\"><i class=\\\\\\"fa fa-angle-right\\\\\\"></i></div>\n								</a>\n								<!-- Indicators -->\n								<ol class=\\\\\\"carousel-indicators\\\\\\">\n									<li data-target=\\\\\\"#carousel-example-generic\\\\\\" data-slide-to=\\\\\\"0\\\\\\" class=\\\\\\"active\\\\\\"><div class=\\\\\\"num_inner\\\\\\">1</div></li>\n									<li data-target=\\\\\\"#carousel-example-generic\\\\\\" data-slide-to=\\\\\\"1\\\\\\"><div class=\\\\\\"num_inner\\\\\\">2</div></li>\n									<li data-target=\\\\\\"#carousel-example-generic\\\\\\" data-slide-to=\\\\\\"2\\\\\\"><div class=\\\\\\"num_inner\\\\\\">3</div></li>\n								</ol>\n							</div> <!-- Carousel -->\n						</div>\n						<div role=\\\\\\"tabpanel\\\\\\" class=\\\\\\"tab-pane\\\\\\" id=\\\\\\"claim_reward\\\\\\">\n							<!-- Carousel -->\n						   <div id=\\\\\\"carousel-example-generic2\\\\\\" class=\\\\\\"carousel slide\\\\\\" data-ride=\\\\\\"carousel\\\\\\" data-interval=\\\\\\"false\\\\\\">\n								<!-- Wrapper for slides -->\n								<div class=\\\\\\"carousel-inner\\\\\\">\n									<div class=\\\\\\"item active\\\\\\">\n										<img src=\\\\\\"/mobile/images/claim_reward_1.png\\\\\\">\n										<div class=\\\\\\"slide_title\\\\\\">\n											<div class=\\\\\\"big_number\\\\\\">1</div>\n											<p class=\\\\\\"step_title first\\\\\\">Choose</p>\n											<p class=\\\\\\"step_title\\\\\\">Show your card screen when you are paying the bill.</p>\n										</div>\n									</div>\n									<div class=\\\\\\"item\\\\\\">\n										<img src=\\\\\\"/mobile/images/claim_reward_2.png\\\\\\">\n										<div class=\\\\\\"slide_title\\\\\\">\n											<div class=\\\\\\"big_number\\\\\\">2</div>\n											<p class=\\\\\\"step_title first\\\\\\">Activate Reward</p>\n											<p class=\\\\\\"step_title\\\\\\">Tap Get Reward button - new screen will appear with QR code.</p>\n										</div>\n									</div>\n									<div class=\\\\\\"item\\\\\\">\n										<img src=\\\\\\"/mobile/images/claim_reward_3.png\\\\\\">\n										<div class=\\\\\\"slide_title\\\\\\">\n											<div class=\\\\\\"big_number\\\\\\">3</div>\n											<p class=\\\\\\"step_title first\\\\\\">Claim Reward</p>\n											<p class=\\\\\\"step_title\\\\\\">At the counter or waiter will scan your code and present you reward that you chosen.<br/><br/>\n											Points deducted only when your screen been scanned by the waiter or a personal at the counter with special program. You can Press claim reward and close that screen as many times as you want - points will not be deducted.\n											</p>\n										</div>\n									</div>\n								</div>\n							 \n								<!-- Controls -->\n								<a class=\\\\\\"left carousel-control\\\\\\" href=\\\\\\"#carousel-example-generic2\\\\\\" role=\\\\\\"button\\\\\\" data-slide=\\\\\\"prev\\\\\\">\n									<div class=\\\\\\"glyphicon-box gl-left-box\\\\\\"><i class=\\\\\\"fa fa-angle-left\\\\\\"></i></span></div>\n								</a>\n								<a class=\\\\\\"right carousel-control\\\\\\" href=\\\\\\"#carousel-example-generic2\\\\\\" role=\\\\\\"button\\\\\\" data-slide=\\\\\\"next\\\\\\">\n									<div class=\\\\\\"glyphicon-box gl-righ-box\\\\\\"><i class=\\\\\\"fa fa-angle-right\\\\\\"></i></div>\n								</a>\n								<!-- Indicators -->\n								<ol class=\\\\\\"carousel-indicators\\\\\\">\n									<li data-target=\\\\\\"#carousel-example-generic2\\\\\\" data-slide-to=\\\\\\"0\\\\\\" class=\\\\\\"active\\\\\\"><div class=\\\\\\"num_inner\\\\\\">1</div></li>\n									<li data-target=\\\\\\"#carousel-example-generic2\\\\\\" data-slide-to=\\\\\\"1\\\\\\"><div class=\\\\\\"num_inner\\\\\\">2</div></li>\n									<li data-target=\\\\\\"#carousel-example-generic2\\\\\\" data-slide-to=\\\\\\"2\\\\\\"><div class=\\\\\\"num_inner\\\\\\">3</div></li>\n								</ol>\n							</div> <!-- Carousel -->\n						</div>\n					</div>\n				</div>', 'privacy локаль 2 компания 5', 'terms локаль 2 компания 5');
/*!40000 ALTER TABLE `companies_info` ENABLE KEYS */;


-- Дамп структуры для таблица te2.email_confirmations
CREATE TABLE IF NOT EXISTS `email_confirmations` (
  `id` int(10) unsigned NOT NULL AUTO_INCREMENT,
  `usersId` int(10) unsigned NOT NULL,
  `code` char(32) NOT NULL,
  `createdAt` int(10) unsigned NOT NULL,
  `modifiedAt` int(10) unsigned DEFAULT NULL,
  `confirmed` char(1) DEFAULT 'N',
  PRIMARY KEY (`id`),
  KEY `usersId` (`usersId`)
) ENGINE=InnoDB AUTO_INCREMENT=34 DEFAULT CHARSET=utf8;

-- Дамп данных таблицы te2.email_confirmations: ~32 rows (приблизительно)
DELETE FROM `email_confirmations`;
/*!40000 ALTER TABLE `email_confirmations` DISABLE KEYS */;
INSERT INTO `email_confirmations` (`id`, `usersId`, `code`, `createdAt`, `modifiedAt`, `confirmed`) VALUES
	(1, 8, 'HOukMZ4rKRVEhLan6QmArmYarH3mCM7', 1487623861, 1487623871, 'Y'),
	(2, 2, 'Z38eksTqt5vUf68uQgNJrpSwASJdIEPK', 1487646702, NULL, 'N'),
	(3, 2, 'wTVxl4QcUgAkJ6TkNNA7HyRPE3NWDMTc', 1487646721, NULL, 'N'),
	(4, 2, 'oU5BSRywIsG5gLtY8HhBoeHUfczFdcO', 1487647729, NULL, 'N'),
	(5, 2, 'o1wblmT5uLKvobNogHs0pKRz3xGJVk', 1487648090, NULL, 'N'),
	(7, 15, 'Hd9iOxLGkYUmxXZ5fdUYKP4eCWQQLbI', 1487698567, NULL, 'N'),
	(8, 17, 'cQLuNfYxCtXt0NAG2qL5OaQpGCphSxAx', 1488031301, NULL, 'N'),
	(9, 18, 'KyEqibOGiDyg9C5OQp4EzB5hMwelkHSN', 1488031399, NULL, 'N'),
	(10, 19, 'PVFmsbwbgkjGyMdaEDCL9JUxrrHgHY3z', 1488031520, NULL, 'N'),
	(11, 22, 'V8xa3yf0VMvGRpJ3IDgxtCsc7Vu7T', 1488101011, 1488101068, 'Y'),
	(12, 23, 'LnONbNpPZxYuKg0kUgTIN4f00IcXu8i', 1488101816, 1488101841, 'Y'),
	(13, 24, 'IoZgekeIEh59iK8EU5EHinq5tMMKyTc', 1492606981, NULL, 'N'),
	(14, 25, 'TlIw4aVoCfJfVpFiH1LUgp62b3uwWU8', 1492607006, NULL, 'N'),
	(15, 26, 'jsKRb1wd7EU5IaWILB12NetvnyM8AuY', 1492607059, NULL, 'N'),
	(16, 27, 'Rm7IwrSpxHZq28oRvYigkE0PKqJk6rgS', 1492607368, NULL, 'N'),
	(17, 28, '4k2pSXAGx4BtHm1DiLJEW61LMIz0iD1O', 1492607401, NULL, 'N'),
	(18, 29, 'aYDgEh8AszQH5a8QIXFdSzml0amW3oo', 1492607416, NULL, 'N'),
	(19, 30, 'toIgNwrQU9WYtmvy6C0DIWufx7zlqIW', 1492607448, NULL, 'N'),
	(20, 31, 'b9qAh1BbeRFQ69yuPjHjxekaXg5X0O3', 1492607468, NULL, 'N'),
	(21, 32, 'oA8cE3eBcwxW6enUGxZeHD9IzswZDQUL', 1492607563, NULL, 'N'),
	(22, 33, 'UnGxoeqDoGUIfy6Nits4DoJYM4QuFuY', 1492607603, NULL, 'N'),
	(23, 34, 'VH8O4Uqa1DcjXcjBpzgvfFADj8TlFvRy', 1492608822, NULL, 'N'),
	(24, 35, 'U2y5EQm4EETFuQlQAsHJ2L33gK4854', 1492608852, NULL, 'N'),
	(25, 36, 'f5nsgz572SCQNyDkNuJbh6FaE4DcnUw', 1492608908, NULL, 'N'),
	(26, 37, 'Khf8M5eAXL3e7hPcaBoUB7o5fSWro6Fp', 1492608929, NULL, 'N'),
	(27, 38, '2PZX4kvH2e4H4jGXYySYRfQFznS3USgQ', 1492608964, NULL, 'N'),
	(28, 39, 'sWKwHDON9SVTQTnB3DwzFbpANI81fxG', 1492608998, NULL, 'N'),
	(29, 40, 'CaTBKrg64CO52tk1V5MXJJPYOgM91k', 1492609212, NULL, 'N'),
	(30, 41, 'bMlsc0xPpCmiFPgpQdnnqu23W3GrNa', 1492609490, NULL, 'N'),
	(31, 42, 'WHppagCD8gvJdblrVjlT1l3UcdUxqO', 1492612424, NULL, 'N'),
	(32, 43, '2bLBVDyyFRZnSlvedF3bKfIOqBu6kUI', 1492612488, NULL, 'N'),
	(33, 44, 'I9gbSlOy1CQnz6L9GxDVmdvM4vpYeNa', 1492612600, NULL, 'N');
/*!40000 ALTER TABLE `email_confirmations` ENABLE KEYS */;


-- Дамп структуры для таблица te2.failed_logins
CREATE TABLE IF NOT EXISTS `failed_logins` (
  `id` int(10) unsigned NOT NULL AUTO_INCREMENT,
  `usersId` int(10) unsigned DEFAULT NULL,
  `ipAddress` char(15) NOT NULL,
  `attempted` int(10) unsigned NOT NULL,
  PRIMARY KEY (`id`),
  KEY `usersId` (`usersId`)
) ENGINE=InnoDB AUTO_INCREMENT=13 DEFAULT CHARSET=utf8;

-- Дамп данных таблицы te2.failed_logins: ~12 rows (приблизительно)
DELETE FROM `failed_logins`;
/*!40000 ALTER TABLE `failed_logins` DISABLE KEYS */;
INSERT INTO `failed_logins` (`id`, `usersId`, `ipAddress`, `attempted`) VALUES
	(1, 8, '127.0.0.1', 1487628910),
	(2, 8, '127.0.0.1', 1487629005),
	(3, 8, '127.0.0.1', 1487648221),
	(4, 8, '127.0.0.1', 1487702627),
	(5, 8, '127.0.0.1', 1487702889),
	(6, 8, '127.0.0.1', 1488031722),
	(7, 8, '127.0.0.1', 1488100473),
	(8, 8, '127.0.0.1', 1488100481),
	(9, 0, '127.0.0.1', 1488101762),
	(10, 8, '127.0.0.1', 1488108445),
	(11, 23, '127.0.0.1', 1490709824),
	(12, 23, '127.0.0.1', 1490709828);
/*!40000 ALTER TABLE `failed_logins` ENABLE KEYS */;


-- Дамп структуры для таблица te2.groups
CREATE TABLE IF NOT EXISTS `groups` (
  `id` int(10) unsigned NOT NULL AUTO_INCREMENT,
  `name` varchar(64) NOT NULL,
  `active` char(1) NOT NULL,
  PRIMARY KEY (`id`),
  KEY `active` (`active`)
) ENGINE=InnoDB AUTO_INCREMENT=7 DEFAULT CHARSET=utf8;

-- Дамп данных таблицы te2.groups: ~6 rows (приблизительно)
DELETE FROM `groups`;
/*!40000 ALTER TABLE `groups` DISABLE KEYS */;
INSERT INTO `groups` (`id`, `name`, `active`) VALUES
	(1, 'superadmin', 'Y'),
	(2, 'admin', 'Y'),
	(3, 'business', 'Y'),
	(4, 'user', 'Y'),
	(5, 'manager', 'Y'),
	(6, 'guest', 'Y');
/*!40000 ALTER TABLE `groups` ENABLE KEYS */;


-- Дамп структуры для таблица te2.locale
CREATE TABLE IF NOT EXISTS `locale` (
  `id` int(3) unsigned NOT NULL AUTO_INCREMENT,
  `code` char(2) DEFAULT NULL,
  `title` char(20) DEFAULT NULL,
  PRIMARY KEY (`id`)
) ENGINE=InnoDB AUTO_INCREMENT=3 DEFAULT CHARSET=utf8;

-- Дамп данных таблицы te2.locale: ~2 rows (приблизительно)
DELETE FROM `locale`;
/*!40000 ALTER TABLE `locale` DISABLE KEYS */;
INSERT INTO `locale` (`id`, `code`, `title`) VALUES
	(1, 'en', 'English'),
	(2, 'fr', 'French');
/*!40000 ALTER TABLE `locale` ENABLE KEYS */;


-- Дамп структуры для таблица te2.locations
CREATE TABLE IF NOT EXISTS `locations` (
  `id` int(10) unsigned NOT NULL AUTO_INCREMENT,
  `name` varchar(255) DEFAULT '',
  `isHeadoffice` char(1) NOT NULL DEFAULT '0',
  `logo` varchar(255) DEFAULT NULL,
  `address` varchar(255) DEFAULT '',
  `email` varchar(255) DEFAULT '',
  `fax` varchar(255) DEFAULT '',
  `phone` varchar(255) DEFAULT '',
  `facebook` varchar(255) DEFAULT NULL,
  `twitter` varchar(255) DEFAULT NULL,
  `instagram` varchar(255) DEFAULT NULL,
  `gplus` varchar(255) DEFAULT NULL,
  `web` varchar(255) DEFAULT '',
  `lat` varchar(255) NOT NULL DEFAULT '0',
  `lon` varchar(255) NOT NULL DEFAULT '0',
  `companyId` int(10) unsigned NOT NULL,
  `image1` varchar(255) DEFAULT NULL,
  `image2` varchar(255) DEFAULT NULL,
  `image3` varchar(255) DEFAULT NULL,
  `day1start` varchar(11) DEFAULT '00:00',
  `day2start` varchar(11) DEFAULT '00:00',
  `day3start` varchar(11) DEFAULT '00:00',
  `day4start` varchar(11) DEFAULT '00:00',
  `day5start` varchar(11) DEFAULT '00:00',
  `day6start` varchar(11) DEFAULT '00:00',
  `day7start` varchar(11) DEFAULT '00:00',
  `day1end` varchar(11) DEFAULT '00:00',
  `day2end` varchar(11) DEFAULT '00:00',
  `day3end` varchar(11) DEFAULT '00:00',
  `day4end` varchar(11) DEFAULT '00:00',
  `day5end` varchar(11) DEFAULT '00:00',
  `day6end` varchar(11) DEFAULT '00:00',
  `day7end` varchar(11) DEFAULT '00:00',
  `day1LunchStart` char(11) DEFAULT '00:00',
  `day2LunchStart` char(11) DEFAULT '00:00',
  `day3LunchStart` char(11) DEFAULT '00:00',
  `day4LunchStart` char(11) DEFAULT '00:00',
  `day5LunchStart` char(11) DEFAULT '00:00',
  `day6LunchStart` char(11) DEFAULT '00:00',
  `day7LunchStart` char(11) DEFAULT '00:00',
  `day1LunchEnd` char(11) DEFAULT '00:00',
  `day2LunchEnd` char(11) DEFAULT '00:00',
  `day3LunchEnd` char(11) DEFAULT '00:00',
  `day4LunchEnd` char(11) DEFAULT '00:00',
  `day5LunchEnd` char(11) DEFAULT '00:00',
  `day6LunchEnd` char(11) DEFAULT '00:00',
  `day7LunchEnd` char(11) DEFAULT '00:00',
  PRIMARY KEY (`id`),
  KEY `companyId` (`companyId`),
  CONSTRAINT `locations_ibfk_1` FOREIGN KEY (`companyId`) REFERENCES `companies` (`id`) ON DELETE CASCADE ON UPDATE CASCADE
) ENGINE=InnoDB AUTO_INCREMENT=29 DEFAULT CHARSET=utf8;

-- Дамп данных таблицы te2.locations: ~18 rows (приблизительно)
DELETE FROM `locations`;
/*!40000 ALTER TABLE `locations` DISABLE KEYS */;
INSERT INTO `locations` (`id`, `name`, `isHeadoffice`, `logo`, `address`, `email`, `fax`, `phone`, `facebook`, `twitter`, `instagram`, `gplus`, `web`, `lat`, `lon`, `companyId`, `image1`, `image2`, `image3`, `day1start`, `day2start`, `day3start`, `day4start`, `day5start`, `day6start`, `day7start`, `day1end`, `day2end`, `day3end`, `day4end`, `day5end`, `day6end`, `day7end`, `day1LunchStart`, `day2LunchStart`, `day3LunchStart`, `day4LunchStart`, `day5LunchStart`, `day6LunchStart`, `day7LunchStart`, `day1LunchEnd`, `day2LunchEnd`, `day3LunchEnd`, `day4LunchEnd`, `day5LunchEnd`, `day6LunchEnd`, `day7LunchEnd`) VALUES
	(1, 'Client Card', '1', 'http://www.clientcard.io/admin/upload/1/location_1.png', 'Grand-rue 112, 1820 Montreux, Switzerland', 'kj@client-card.ch', '', '+41 79 943 69 17', 'https://www.facebook.com/pages/ClientCard/761331597270123', 'https://twitter.com/Client_Card', 'https://foursquare.com/starbucks_test', 'https://plus.google.com/u/0/b/100464784182309372427/100464784182309372427/posts', 'http://client-card.ch/', '46.4376221', '6.9076529', 1, 'NULL', 'NULL', 'NULL', '0', '0', '0', '0', '0', '0', '0', '0', '0', '0', '0', '0', '0', '0', '0', '0', '0', '0', '0', '0', '0', '0', '0', '0', '0', '0', '0', '0'),
	(5, 'EatMe', '1', 'http://www.clientcard.io/admin/upload/1/location_1.png', 'Rue Pépinet 3, CH 1003 Lausanne', 'reservations@eat-me.ch', '', '+41213117659', 'https://www.facebook.com/eat.me.lausanne', '', '', '', 'http://www.eat-me.ch', '46.5202658', '6.6323937', 4, 'NULL', 'NULL', 'NULL', 'Closed', '12:00', '12:00', '12:00', '12:00', '12:30', 'Closed', 'Closed', '0:00', '0:00', '1:00', '1:00', '1:00', 'Closed', 'No Break', '14:00', '14:00', '14:00', '14:00', '15:00', 'No Break', 'No Break', '17:00', '17:00', '17:00', '17:00', '17:00', 'No Break'),
	(6, 'Aspire', '1', 'NULL', 'Dyce, Aberdeen AB21 7DU, United Kingdom', 'aspire@client-card.ch', '', '+44 844 481 6666', 'https://www.facebook.com/Aspire-Lounge-Luton-Airport-174854775871129/', 'https://twitter.com/airportlounges', 'https://www.instagram.com/explore/locations/969234992/', '', 'http://www.executivelounges.com/aspire', '51.106422', '-0.530785', 5, 'NULL', 'NULL', 'NULL', '06:00', '06:00', '06:00', '06:00', '06:00', '06:00', '08:00', '19:00', '19:00', '19:00', '19:00', '19:00', '19:00', '17:00', '11:00', '11:00', '11:00', '10:00', '12:00', '09:00', '10:00', '12:00', '12:00', '12:00', '11:00', '13:00', '11:00', '11:00'),
	(7, 'Clean Cars 0', '1', 'http://www.clientcard.io/admin/upload/1/location_1.png', '', '', '', '', '', '', '', '', 'http://cleancars.ch/', '0', '0', 6, '/upload/6877a7d4269a61f6eb2ce03af74c2903.jpg', '/upload/a900a8e1edd5d1e9a6a1d898b42a230f.jpg', '/upload/93c04dceb825261eebdaf4398455bc39.jpg', '0', '0', '0', '0', '0', '0', '0', '0', '0', '0', '0', '0', '0', '0', '0', '0', '0', '0', '0', '0', '0', '0', '0', '0', '0', '0', '0', '0'),
	(8, 'Crazy Prices', '1', 'http://www.clientcard.io/admin/upload/1/location_1.png', 'Route de Villars d\\\\\\\'Avry 2, 1645 Le Bry', 'sav@crazyprices.ch', '', '+41269138482', ' https://www.facebook.com/crazyprices.ch.fr', '', '', '', 'http://www.crazyprices.ch', '46.6938568', '7.0789188', 7, '/upload/6877a7d4269a61f6eb2ce03af74c2903.jpg', '/upload/a900a8e1edd5d1e9a6a1d898b42a230f.jpg', '/upload/93c04dceb825261eebdaf4398455bc39.jpg', '9:00', '9:00', '9:00', '9:00', '9:00', '8:00', 'Closed', '19:00', '19:00', '19:00', '19:00', '19:00', '16:00', 'Closed', 'No Break', 'No Break', 'No Break', 'No Break', 'No Break', 'No Break', 'No Break', 'No Break', 'No Break', 'No Break', 'No Break', 'No Break', 'No Break', 'No Break'),
	(10, 'CLEAN CARS LA PRAILLE', '0', 'http://www.clientcard.io/admin/upload/1/location_1.png', '10, Route des Jeunes 1227 Carouge', 'praille@clean-cars.ch', 'NULL', '022 301 46 59', 'NULL', 'NULL', 'NULL', 'NULL', 'www.clean-cars.ch', '46.1796477', '6.1282653', 6, '/upload/2fc65452a15a54c152d127189d984d0d.jpg', 'NULL', 'NULL', '9:00', '9:00', '9:00', '9:00', '9:00', '9:00', 'Closed', '18:00', '18:00', '18:00', '18:00', '18:00', '18:00', 'Closed', 'No Break', 'No Break', 'No Break', 'No Break', 'No Break', 'No Break', 'No Break', 'No Break', 'No Break', 'No Break', 'No Break', 'No Break', 'No Break', 'No Break'),
	(12, 'Lunettes', '1', 'NULL', 'Place Croix-Blanche 23, 1066 Epalinges, Switzerland', 'services@optic2000epalinges.ch', '', '0217844555', '', '', '', 'https://plus.google.com/u/0/b/107801982367581722418/107801982367581722418/about?_ga=1.110571845.1798981890.1470406342', 'http://opticiens.optic2000.ch/opticien-epalinges-1066-1142', '46.5485978', '6.6704451', 9, 'NULL', 'NULL', 'NULL', '10:00', '8:30', '8:30', '8:30', '8:30', '8:30', 'Closed', '18:30', '18:30', '18:30', '18:30', '18:30', '17:00', 'Closed', '12:30', '12:30', '12:30', '12:30', '12:30', 'No Break', 'No Break', '13:30', '13:30', '13:30', '13:30', '13:30', 'No Break', 'No Break'),
	(14, 'CLEAN CARS EAUX-VIVES2000', '0', 'NULL', 'Rue de Jargonnant 5, 1207 Genève', 'eaux-vives@clean-cars.ch', 'NULL', '079 841 21 23', 'NULL', 'NULL', 'NULL', 'NULL', 'http://cleancars.ch/', '46.2007034', '6.1600694', 6, '/upload/5e39326b48cc9962a85244de5b3a9045.jpg', 'NULL', 'NULL', '9:00', '9:00', '9:00', '9:00', '9:00', '9:00', 'Closed', '18:00', '18:00', '18:00', '18:00', '18:00', '18:00', 'Closed', 'No Break', 'No Break', 'No Break', 'No Break', 'No Break', 'No Break', 'No Break', 'No Break', 'No Break', 'No Break', 'No Break', 'No Break', 'No Break', 'No Break'),
	(15, 'CLEAN CARS CHAVANNES', '0', 'NULL', '1279 Chavannes-de-Bogis', 'chavannes@clean-cars.ch', 'NULL', '022 776 35 64', 'NULL', 'NULL', 'NULL', 'NULL', 'www.clean-cars.ch', '46.3435138', '6.157129', 6, '/upload/af0ea7095a2178936600e1d2990154aa.jpg', 'NULL', 'NULL', '9:00', '9:00', '9:00', '9:00', '9:00', '9:00', 'Closed', '18:00', '18:00', '18:00', '18:00', '18:00', '18:00', 'Closed', 'No Break', 'No Break', 'No Break', 'No Break', 'No Break', 'No Break', 'No Break', 'No Break', 'No Break', 'No Break', 'No Break', 'No Break', 'No Break', 'No Break'),
	(16, 'CLEAN CARS BALEXERT', '0', 'NULL', 'Avenue Louis-Casai 27, 1211 Genève Meyrin', 'balexert@clean-cars.ch', 'NULL', '022 940 46 53', 'NULL', 'NULL', 'NULL', 'NULL', 'www.clean-cars.ch', '46.2195778', '6.1143151', 6, '/upload/fd63d8e1634843581a135f44e3b8f4cf.jpg', 'NULL', 'NULL', '9:00', '9:00', '9:00', '9:00', '9:00', '9:00', 'Closed', '18:00', '18:00', '18:00', '18:00', '18:00', '18:00', 'Closed', 'No Break', 'No Break', 'No Break', 'No Break', 'No Break', 'No Break', 'No Break', 'No Break', 'No Break', 'No Break', 'No Break', 'No Break', 'No Break', 'No Break'),
	(17, 'CLEANCARS-VESENAZ', '0', 'NULL', 'Route de Thonon', 'vesenaz@clean-cars.ch', 'NULL', '0800 000 543', 'NULL', 'NULL', 'NULL', 'NULL', 'www.cleancars.ch', '46.1958603', '6.2624091', 6, '/upload/6acfed8be9b3df5bc07e1d402ac8fad5.jpg', 'NULL', 'NULL', '9:00', '9:00', '9:00', '9:00', '9:00', '9:00', 'Closed', '18:00', '18:00', '18:00', '18:00', '18:00', '18:00', 'Closed', 'No Break', 'No Break', 'No Break', 'No Break', 'No Break', 'No Break', 'No Break', 'No Break', 'No Break', 'No Break', 'No Break', 'No Break', 'No Break', 'No Break'),
	(19, 'Test Location 1 ', '0', 'NULL', 'Swissotel Metropole Geneva, Quai du Général- Guisan 34, 1204 Genève', 'test@test.test', '', '54676887855', 'NULL', 'NULL', 'NULL', 'NULL', '', '46.2033983', '6.1521668', 1, '/upload/85c4a97ca4916f3d5631f44f4ba4e85f.jpg', 'NULL', 'NULL', 'Closed', 'Closed', 'Closed', 'Closed', 'Closed', 'Closed', 'Closed', 'Closed', 'Closed', 'Closed', 'Closed', 'Closed', 'Closed', 'Closed', 'No Break', 'No Break', 'No Break', 'No Break', 'No Break', 'No Break', 'No Break', 'No Break', 'No Break', 'No Break', 'No Break', 'No Break', 'No Break', 'No Break'),
	(20, 'Test Location 2', '0', 'NULL', 'Place de Bel-Air 2, 1204 Genève', 'test2@test2.test2', 'NULL', '456568776577', 'NULL', 'NULL', 'NULL', 'NULL', '', '46.2040305', '6.1432552', 1, '/upload/image/9ab7a59f97df31037841c28ba4afe66b.jpg', 'NULL', '/upload/image/629fb95e1d04d7d5431f5537e040d00c.jpg', 'Closed', 'Closed', 'Closed', 'Closed', 'Closed', 'Closed', 'Closed', 'Closed', 'Closed', 'Closed', 'Closed', 'Closed', 'Closed', 'Closed', 'No Break', 'No Break', 'No Break', 'No Break', 'No Break', 'No Break', 'No Break', 'No Break', 'No Break', 'No Break', 'No Break', 'No Break', 'No Break', 'No Break'),
	(24, 'ff', '0', 'NULL', 'ff', '', '', '', 'NULL', 'NULL', 'NULL', 'NULL', '', '40.3492413', '-75.958344', 1, 'NULL', 'NULL', 'NULL', 'Closed', 'Closed', 'Closed', 'Closed', 'Closed', 'Closed', 'Closed', 'Closed', 'Closed', 'Closed', 'Closed', 'Closed', 'Closed', 'Closed', 'No Break', 'No Break', 'No Break', 'No Break', 'No Break', 'No Break', 'No Break', 'No Break', 'No Break', 'No Break', 'No Break', 'No Break', 'No Break', 'No Break'),
	(25, 'ff', '0', 'NULL', 'gg', '', 'NULL', '', 'NULL', 'NULL', 'NULL', 'NULL', '', '49.465691', '-2.585278', 1, '/upload/image/b34a78aa0345a675f5a686d0b47ac62b.jpg', '/upload/image/3f9b0f6581764603ef0660c117e7bfc2.jpg', '/upload/image/449a43a8693742f5a4da21f035560cac.jpg', 'Closed', 'Closed', 'Closed', 'Closed', 'Closed', 'Closed', 'Closed', 'Closed', 'Closed', 'Closed', 'Closed', 'Closed', 'Closed', 'Closed', 'No Break', 'No Break', 'No Break', 'No Break', 'No Break', 'No Break', 'No Break', 'No Break', 'No Break', 'No Break', 'No Break', 'No Break', 'No Break', 'No Break'),
	(26, 'hjhj', '0', 'NULL', 'hjhj', '', '', '', 'NULL', 'NULL', 'NULL', 'NULL', '', '52.04056', '17.754678', 1, 'NULL', 'NULL', 'NULL', 'Closed', 'Closed', 'Closed', 'Closed', 'Closed', 'Closed', 'Closed', 'Closed', 'Closed', 'Closed', 'Closed', 'Closed', 'Closed', 'Closed', 'No Break', 'No Break', 'No Break', 'No Break', 'No Break', 'No Break', 'No Break', 'No Break', 'No Break', 'No Break', 'No Break', 'No Break', 'No Break', 'No Break'),
	(27, 'jlljl', '0', 'NULL', 'fgfg', '', '', '', 'NULL', 'NULL', 'NULL', 'NULL', '', '0', '0', 1, 'NULL', 'NULL', 'NULL', 'Closed', 'Closed', 'Closed', 'Closed', 'Closed', 'Closed', 'Closed', 'Closed', 'Closed', 'Closed', 'Closed', 'Closed', 'Closed', 'Closed', 'No Break', 'No Break', 'No Break', 'No Break', 'No Break', 'No Break', 'No Break', 'No Break', 'No Break', 'No Break', 'No Break', 'No Break', 'No Break', 'No Break'),
	(28, 'ghfgh', '0', 'NULL', 'fghfh', '', '', '', 'NULL', 'NULL', 'NULL', 'NULL', '', '45.5398101', '4.8624399', 1, 'NULL', 'NULL', 'NULL', 'Closed', 'Closed', 'Closed', 'Closed', 'Closed', 'Closed', 'Closed', 'Closed', 'Closed', 'Closed', 'Closed', 'Closed', 'Closed', 'Closed', 'No Break', 'No Break', 'No Break', 'No Break', 'No Break', 'No Break', 'No Break', 'No Break', 'No Break', 'No Break', 'No Break', 'No Break', 'No Break', 'No Break');
/*!40000 ALTER TABLE `locations` ENABLE KEYS */;


-- Дамп структуры для таблица te2.locations_info
CREATE TABLE IF NOT EXISTS `locations_info` (
  `id` int(10) unsigned NOT NULL AUTO_INCREMENT,
  `locationId` int(10) unsigned NOT NULL,
  `localeId` int(3) unsigned NOT NULL,
  `notes` text,
  PRIMARY KEY (`id`),
  KEY `locationId` (`locationId`),
  KEY `localeId` (`localeId`),
  CONSTRAINT `locations_info_ibfk_1` FOREIGN KEY (`localeId`) REFERENCES `locale` (`id`) ON UPDATE CASCADE,
  CONSTRAINT `locations_info_ibfk_2` FOREIGN KEY (`locationId`) REFERENCES `locations` (`id`) ON DELETE CASCADE ON UPDATE CASCADE
) ENGINE=InnoDB AUTO_INCREMENT=27 DEFAULT CHARSET=utf8;

-- Дамп данных таблицы te2.locations_info: ~19 rows (приблизительно)
DELETE FROM `locations_info`;
/*!40000 ALTER TABLE `locations_info` DISABLE KEYS */;
INSERT INTO `locations_info` (`id`, `locationId`, `localeId`, `notes`) VALUES
	(1, 1, 1, ''),
	(2, 1, 2, 'Kitchen is closed after 23:00'),
	(3, 5, 1, 'At Eat Me, we serve an inspiring mix of international cuisine on small plates. Drawing from the “food souvenirs” that we have collected during our travels around the world, we have created a menu that reflects everything from the most humble of street foods to the most modern of gastronomic dishes. Our goal is to take you on a culinary journey of these food souvenirs.\r\nWe serve our food on small plates so that you can explore a variety of diverse cuisines, textures and flavors. And since we believe that food is best enjoyed when shared with good company, our small plates are designed for sharing.\r\nWe invite you to join us and embark on your culinary journey and hopefully take home some new food souvenirs of your own!'),
	(4, 6, 1, ''),
	(7, 7, 1, ''),
	(8, 10, 1, 'CENTRE COMMERCIAL LA PRAILLE \r\n\r\nP-1 \r\n\r\n'),
	(9, 12, 1, 'Fax : 021 784 45 56 '),
	(11, 14, 1, 'CENTRE COMMERCIAL EAUX VIVES 2000'),
	(12, 15, 1, 'SHOPPING CENTRE IN MARGOUSSIN \r\nMANOR Chavannes'),
	(13, 16, 1, 'SHOPPING CENTRE BALEXERT  '),
	(14, 8, 1, ''),
	(15, 17, 1, ''),
	(17, 19, 1, 'Notes TEST Location'),
	(18, 20, 1, 'TEst Location 2  Notes'),
	(22, 24, 1, ''),
	(23, 25, 1, ''),
	(24, 26, 1, ''),
	(25, 27, 1, ''),
	(26, 28, 1, '');
/*!40000 ALTER TABLE `locations_info` ENABLE KEYS */;


-- Дамп структуры для таблица te2.modules
CREATE TABLE IF NOT EXISTS `modules` (
  `id` int(10) unsigned NOT NULL AUTO_INCREMENT,
  `name` varchar(200) NOT NULL,
  `status` varchar(10) NOT NULL DEFAULT 'off',
  PRIMARY KEY (`id`)
) ENGINE=InnoDB AUTO_INCREMENT=19 DEFAULT CHARSET=utf8;

-- Дамп данных таблицы te2.modules: ~18 rows (приблизительно)
DELETE FROM `modules`;
/*!40000 ALTER TABLE `modules` DISABLE KEYS */;
INSERT INTO `modules` (`id`, `name`, `status`) VALUES
	(1, 'authreg', 'on'),
	(2, 'crudgen', 'on'),
	(3, 'emailer', 'on'),
	(4, 'validfiltr', 'off'),
	(5, 'upload', 'off'),
	(6, 'multilang', 'off'),
	(7, 'multitimezone', 'off'),
	(8, 'dashboard', 'on'),
	(9, 'pager', 'off'),
	(10, 'users', 'off'),
	(11, 'search', 'off'),
	(12, 'flashmsg', 'on'),
	(13, 'api', 'off'),
	(14, 'roles', 'on'),
	(15, 'segments', 'off'),
	(16, 'companies', 'off'),
	(17, 'news', 'off'),
	(18, 'gendoc', 'off');
/*!40000 ALTER TABLE `modules` ENABLE KEYS */;


-- Дамп структуры для таблица te2.password_changes
CREATE TABLE IF NOT EXISTS `password_changes` (
  `id` int(10) unsigned NOT NULL AUTO_INCREMENT,
  `usersId` int(10) unsigned NOT NULL,
  `ipAddress` char(15) NOT NULL,
  `userAgent` varchar(255) NOT NULL,
  `createdAt` int(10) unsigned NOT NULL,
  PRIMARY KEY (`id`),
  KEY `usersId` (`usersId`)
) ENGINE=InnoDB AUTO_INCREMENT=7 DEFAULT CHARSET=utf8;

-- Дамп данных таблицы te2.password_changes: ~6 rows (приблизительно)
DELETE FROM `password_changes`;
/*!40000 ALTER TABLE `password_changes` DISABLE KEYS */;
INSERT INTO `password_changes` (`id`, `usersId`, `ipAddress`, `userAgent`, `createdAt`) VALUES
	(1, 8, '127.0.0.1', 'Mozilla/5.0 (Windows NT 6.3; Win64; x64) AppleWebKit/537.36 (KHTML, like Gecko) Chrome/54.0.2840.99 Safari/537.36', 1487629352),
	(2, 8, '127.0.0.1', 'Mozilla/5.0 (Windows NT 6.3; Win64; x64) AppleWebKit/537.36 (KHTML, like Gecko) Chrome/54.0.2840.99 Safari/537.36', 1487702596),
	(3, 22, '127.0.0.1', 'Mozilla/5.0 (Windows NT 6.3; Win64; x64) AppleWebKit/537.36 (KHTML, like Gecko) Chrome/54.0.2840.99 Safari/537.36', 1488101209),
	(4, 23, '127.0.0.1', 'Mozilla/5.0 (Windows NT 6.3; Win64; x64) AppleWebKit/537.36 (KHTML, like Gecko) Chrome/54.0.2840.99 Safari/537.36', 1488101904),
	(5, 8, '127.0.0.1', 'Mozilla/5.0 (Windows NT 6.3; Win64; x64) AppleWebKit/537.36 (KHTML, like Gecko) Chrome/54.0.2840.99 Safari/537.36', 1488108464),
	(6, 23, '127.0.0.1', 'Mozilla/5.0 (Windows NT 6.3; Win64; x64) AppleWebKit/537.36 (KHTML, like Gecko) Chrome/56.0.2924.87 Safari/537.36', 1490709881);
/*!40000 ALTER TABLE `password_changes` ENABLE KEYS */;


-- Дамп структуры для таблица te2.permissions
CREATE TABLE IF NOT EXISTS `permissions` (
  `id` int(10) unsigned NOT NULL AUTO_INCREMENT,
  `groupsId` int(10) unsigned NOT NULL,
  `resource` varchar(16) NOT NULL,
  `action` varchar(16) NOT NULL,
  PRIMARY KEY (`id`),
  KEY `groupsId` (`groupsId`)
) ENGINE=InnoDB AUTO_INCREMENT=23 DEFAULT CHARSET=utf8;

-- Дамп данных таблицы te2.permissions: ~6 rows (приблизительно)
DELETE FROM `permissions`;
/*!40000 ALTER TABLE `permissions` DISABLE KEYS */;
INSERT INTO `permissions` (`id`, `groupsId`, `resource`, `action`) VALUES
	(1, 1, 'supermodule', 'index'),
	(2, 1, 'supermodule', 'change'),
	(3, 1, 'crudgen', 'index'),
	(4, 1, 'crudgen', 'gen'),
	(5, 1, 'crudgen', 'allModules'),
	(6, 1, 'dashboard', 'index'),
	(7, 1, 'supermodule', 'allModules');
/*!40000 ALTER TABLE `permissions` ENABLE KEYS */;


-- Дамп структуры для таблица te2.remember_tokens
CREATE TABLE IF NOT EXISTS `remember_tokens` (
  `id` int(10) unsigned NOT NULL AUTO_INCREMENT,
  `usersId` int(10) unsigned NOT NULL,
  `token` char(32) NOT NULL,
  `userAgent` varchar(120) NOT NULL,
  `createdAt` int(10) unsigned NOT NULL,
  PRIMARY KEY (`id`),
  KEY `token` (`token`)
) ENGINE=InnoDB AUTO_INCREMENT=5 DEFAULT CHARSET=utf8;

-- Дамп данных таблицы te2.remember_tokens: ~5 rows (приблизительно)
DELETE FROM `remember_tokens`;
/*!40000 ALTER TABLE `remember_tokens` DISABLE KEYS */;
INSERT INTO `remember_tokens` (`id`, `usersId`, `token`, `userAgent`, `createdAt`) VALUES
	(1, 23, '3cf3b96da7fe1f2e7de9a8ec81967966', 'Mozilla/5.0 (Windows NT 6.3; Win64; x64) AppleWebKit/537.36 (KHTML, like Gecko) Chrome/57.0.2987.133 Safari/537.36', 1492602884),
	(2, 23, '3cf3b96da7fe1f2e7de9a8ec81967966', 'Mozilla/5.0 (Windows NT 6.3; Win64; x64) AppleWebKit/537.36 (KHTML, like Gecko) Chrome/57.0.2987.133 Safari/537.36', 1492612392),
	(3, 23, '3cf3b96da7fe1f2e7de9a8ec81967966', 'Mozilla/5.0 (Windows NT 6.3; Win64; x64) AppleWebKit/537.36 (KHTML, like Gecko) Chrome/57.0.2987.133 Safari/537.36', 1492621556),
	(4, 23, '3cf3b96da7fe1f2e7de9a8ec81967966', 'Mozilla/5.0 (Windows NT 6.3; Win64; x64) AppleWebKit/537.36 (KHTML, like Gecko) Chrome/57.0.2987.133 Safari/537.36', 1492686457),
	(5, 23, '3cf3b96da7fe1f2e7de9a8ec81967966', 'Mozilla/5.0 (Windows NT 6.3; Win64; x64) AppleWebKit/537.36 (KHTML, like Gecko) Chrome/57.0.2987.133 Safari/537.36', 1492702324);
/*!40000 ALTER TABLE `remember_tokens` ENABLE KEYS */;


-- Дамп структуры для таблица te2.reset_passwords
CREATE TABLE IF NOT EXISTS `reset_passwords` (
  `id` int(10) unsigned NOT NULL AUTO_INCREMENT,
  `usersId` int(10) unsigned NOT NULL,
  `code` varchar(48) NOT NULL,
  `createdAt` int(10) unsigned NOT NULL,
  `modifiedAt` int(10) unsigned DEFAULT NULL,
  `reset` char(1) NOT NULL,
  PRIMARY KEY (`id`),
  KEY `usersId` (`usersId`)
) ENGINE=InnoDB AUTO_INCREMENT=16 DEFAULT CHARSET=utf8;

-- Дамп данных таблицы te2.reset_passwords: ~12 rows (приблизительно)
DELETE FROM `reset_passwords`;
/*!40000 ALTER TABLE `reset_passwords` DISABLE KEYS */;
INSERT INTO `reset_passwords` (`id`, `usersId`, `code`, `createdAt`, `modifiedAt`, `reset`) VALUES
	(1, 8, 'SqRcCwaY6Wv0fK5DhsG4QJduwpcEfU', 1487628880, 1487628890, 'Y'),
	(2, 8, 'kTsbt3FD5jwLothZ5KHT8JtnpVUQeP', 1487629276, 1487629287, 'Y'),
	(3, 8, 'kNUkhhATG9LvO2pMcz8hZMMxIBT8oouY', 1487629312, 1487629321, 'Y'),
	(7, 8, 'xukJw5fcFxzomC3a2wDmVb7obmeWn2it', 1487702577, 1487702585, 'Y'),
	(8, 22, 'MTueP4l4JZjhn0tUonFXQURDiHnx', 1488101179, 1488101197, 'Y'),
	(9, 23, 'yV4GxGhMrLOwpZyuzopZt0JBJOQGq', 1488101876, 1488101895, 'Y'),
	(10, 23, 'OO9Q4ziCpPKYByGVYpOzUVqKt1Jnzlg2', 1490709837, 1490709867, 'Y'),
	(11, 23, '2UqethuPsOXvoW1CZLQLZcydtkKJ8yiE', 1492612776, NULL, 'N'),
	(12, 23, 'iOuu88SRJoIAS2vHKfBX597Rk48BNL6', 1492613088, NULL, 'N'),
	(13, 23, '9OX45KkMNvG5mJtk87qpXinfb1FsdmiT', 1492613171, NULL, 'N'),
	(14, 23, 'iI6pRK27MiF0XUo3RLPnNGcT52jKrMv2', 1492613265, NULL, 'N'),
	(15, 23, '2rJEGy2EhIRAgvUYR84FyicOclAPtN6', 1492613371, NULL, 'N');
/*!40000 ALTER TABLE `reset_passwords` ENABLE KEYS */;


-- Дамп структуры для таблица te2.success_logins
CREATE TABLE IF NOT EXISTS `success_logins` (
  `id` int(10) unsigned NOT NULL AUTO_INCREMENT,
  `usersId` int(10) unsigned NOT NULL,
  `ipAddress` char(15) NOT NULL,
  `userAgent` varchar(120) NOT NULL,
  PRIMARY KEY (`id`),
  KEY `usersId` (`usersId`)
) ENGINE=InnoDB AUTO_INCREMENT=49 DEFAULT CHARSET=utf8;

-- Дамп данных таблицы te2.success_logins: ~50 rows (приблизительно)
DELETE FROM `success_logins`;
/*!40000 ALTER TABLE `success_logins` DISABLE KEYS */;
INSERT INTO `success_logins` (`id`, `usersId`, `ipAddress`, `userAgent`) VALUES
	(1, 8, '127.0.0.1', 'Mozilla/5.0 (Windows NT 6.3; Win64; x64) AppleWebKit/537.36 (KHTML, like Gecko) Chrome/54.0.2840.99 Safari/537.36'),
	(2, 8, '127.0.0.1', 'Mozilla/5.0 (Windows NT 6.3; Win64; x64) AppleWebKit/537.36 (KHTML, like Gecko) Chrome/54.0.2840.99 Safari/537.36'),
	(3, 8, '127.0.0.1', 'Mozilla/5.0 (Windows NT 6.3; Win64; x64) AppleWebKit/537.36 (KHTML, like Gecko) Chrome/54.0.2840.99 Safari/537.36'),
	(4, 8, '127.0.0.1', 'Mozilla/5.0 (Windows NT 6.3; Win64; x64) AppleWebKit/537.36 (KHTML, like Gecko) Chrome/54.0.2840.99 Safari/537.36'),
	(5, 8, '127.0.0.1', 'Mozilla/5.0 (Windows NT 6.3; Win64; x64) AppleWebKit/537.36 (KHTML, like Gecko) Chrome/54.0.2840.99 Safari/537.36'),
	(6, 8, '127.0.0.1', 'Mozilla/5.0 (Windows NT 6.3; Win64; x64) AppleWebKit/537.36 (KHTML, like Gecko) Chrome/54.0.2840.99 Safari/537.36'),
	(7, 8, '127.0.0.1', 'Mozilla/5.0 (Windows NT 6.3; Win64; x64) AppleWebKit/537.36 (KHTML, like Gecko) Chrome/54.0.2840.99 Safari/537.36'),
	(8, 8, '127.0.0.1', 'Mozilla/5.0 (Windows NT 6.3; Win64; x64) AppleWebKit/537.36 (KHTML, like Gecko) Chrome/54.0.2840.99 Safari/537.36'),
	(9, 8, '127.0.0.1', 'Mozilla/5.0 (Windows NT 6.3; Win64; x64) AppleWebKit/537.36 (KHTML, like Gecko) Chrome/54.0.2840.99 Safari/537.36'),
	(10, 8, '127.0.0.1', 'Mozilla/5.0 (Windows NT 6.3; Win64; x64) AppleWebKit/537.36 (KHTML, like Gecko) Chrome/54.0.2840.99 Safari/537.36'),
	(11, 8, '127.0.0.1', 'Mozilla/5.0 (Windows NT 6.3; Win64; x64) AppleWebKit/537.36 (KHTML, like Gecko) Chrome/54.0.2840.99 Safari/537.36'),
	(12, 8, '127.0.0.1', 'Mozilla/5.0 (Windows NT 6.3; Win64; x64) AppleWebKit/537.36 (KHTML, like Gecko) Chrome/54.0.2840.99 Safari/537.36'),
	(13, 8, '127.0.0.1', 'Mozilla/5.0 (Windows NT 6.3; Win64; x64) AppleWebKit/537.36 (KHTML, like Gecko) Chrome/54.0.2840.99 Safari/537.36'),
	(14, 8, '127.0.0.1', 'Mozilla/5.0 (Windows NT 6.3; Win64; x64) AppleWebKit/537.36 (KHTML, like Gecko) Chrome/54.0.2840.99 Safari/537.36'),
	(15, 8, '127.0.0.1', 'Mozilla/5.0 (Windows NT 6.3; Win64; x64) AppleWebKit/537.36 (KHTML, like Gecko) Chrome/54.0.2840.99 Safari/537.36'),
	(16, 8, '127.0.0.1', 'Mozilla/5.0 (Windows NT 6.3; Win64; x64) AppleWebKit/537.36 (KHTML, like Gecko) Chrome/54.0.2840.99 Safari/537.36'),
	(17, 8, '127.0.0.1', 'Mozilla/5.0 (Windows NT 6.3; Win64; x64) AppleWebKit/537.36 (KHTML, like Gecko) Chrome/54.0.2840.99 Safari/537.36'),
	(18, 8, '127.0.0.1', 'Mozilla/5.0 (Windows NT 6.3; Win64; x64) AppleWebKit/537.36 (KHTML, like Gecko) Chrome/54.0.2840.99 Safari/537.36'),
	(19, 8, '127.0.0.1', 'Mozilla/5.0 (Windows NT 6.3; Win64; x64) AppleWebKit/537.36 (KHTML, like Gecko) Chrome/54.0.2840.99 Safari/537.36'),
	(20, 8, '127.0.0.1', 'Mozilla/5.0 (Windows NT 6.3; Win64; x64) AppleWebKit/537.36 (KHTML, like Gecko) Chrome/54.0.2840.99 Safari/537.36'),
	(21, 8, '127.0.0.1', 'Mozilla/5.0 (Windows NT 6.3; Win64; x64) AppleWebKit/537.36 (KHTML, like Gecko) Chrome/54.0.2840.99 Safari/537.36'),
	(22, 22, '127.0.0.1', 'Mozilla/5.0 (Windows NT 6.3; Win64; x64) AppleWebKit/537.36 (KHTML, like Gecko) Chrome/54.0.2840.99 Safari/537.36'),
	(23, 8, '127.0.0.1', 'Mozilla/5.0 (Windows NT 6.3; Win64; x64) AppleWebKit/537.36 (KHTML, like Gecko) Chrome/54.0.2840.99 Safari/537.36'),
	(24, 23, '127.0.0.1', 'Mozilla/5.0 (Windows NT 6.3; Win64; x64) AppleWebKit/537.36 (KHTML, like Gecko) Chrome/57.0.2987.133 Safari/537.36'),
	(25, 23, '127.0.0.1', 'Mozilla/5.0 (Windows NT 6.3; Win64; x64) AppleWebKit/537.36 (KHTML, like Gecko) Chrome/57.0.2987.133 Safari/537.36'),
	(26, 23, '127.0.0.1', 'Mozilla/5.0 (Windows NT 6.3; Win64; x64) AppleWebKit/537.36 (KHTML, like Gecko) Chrome/57.0.2987.133 Safari/537.36'),
	(27, 23, '127.0.0.1', 'Mozilla/5.0 (Windows NT 6.3; Win64; x64) AppleWebKit/537.36 (KHTML, like Gecko) Chrome/57.0.2987.133 Safari/537.36'),
	(28, 23, '127.0.0.1', 'Mozilla/5.0 (Windows NT 6.3; Win64; x64) AppleWebKit/537.36 (KHTML, like Gecko) Chrome/57.0.2987.133 Safari/537.36'),
	(29, 23, '127.0.0.1', 'Mozilla/5.0 (Windows NT 6.3; Win64; x64) AppleWebKit/537.36 (KHTML, like Gecko) Chrome/57.0.2987.133 Safari/537.36'),
	(30, 23, '127.0.0.1', 'Mozilla/5.0 (Windows NT 6.3; Win64; x64) AppleWebKit/537.36 (KHTML, like Gecko) Chrome/57.0.2987.133 Safari/537.36'),
	(31, 23, '127.0.0.1', 'Mozilla/5.0 (Windows NT 6.3; Win64; x64) AppleWebKit/537.36 (KHTML, like Gecko) Chrome/57.0.2987.133 Safari/537.36'),
	(32, 23, '127.0.0.1', 'Mozilla/5.0 (Windows NT 6.3; Win64; x64) AppleWebKit/537.36 (KHTML, like Gecko) Chrome/57.0.2987.133 Safari/537.36'),
	(33, 23, '127.0.0.1', 'Mozilla/5.0 (Windows NT 6.3; Win64; x64) AppleWebKit/537.36 (KHTML, like Gecko) Chrome/57.0.2987.133 Safari/537.36'),
	(34, 23, '127.0.0.1', 'Mozilla/5.0 (Windows NT 6.3; Win64; x64) AppleWebKit/537.36 (KHTML, like Gecko) Chrome/57.0.2987.133 Safari/537.36'),
	(35, 23, '127.0.0.1', 'Mozilla/5.0 (Windows NT 6.3; Win64; x64) AppleWebKit/537.36 (KHTML, like Gecko) Chrome/57.0.2987.133 Safari/537.36'),
	(36, 23, '127.0.0.1', 'Mozilla/5.0 (Windows NT 6.3; Win64; x64) AppleWebKit/537.36 (KHTML, like Gecko) Chrome/57.0.2987.133 Safari/537.36'),
	(37, 23, '127.0.0.1', 'Mozilla/5.0 (Windows NT 6.3; Win64; x64) AppleWebKit/537.36 (KHTML, like Gecko) Chrome/57.0.2987.133 Safari/537.36'),
	(38, 23, '127.0.0.1', 'Mozilla/5.0 (Windows NT 6.3; Win64; x64) AppleWebKit/537.36 (KHTML, like Gecko) Chrome/57.0.2987.133 Safari/537.36'),
	(39, 23, '127.0.0.1', 'Mozilla/5.0 (Windows NT 6.3; Win64; x64) AppleWebKit/537.36 (KHTML, like Gecko) Chrome/57.0.2987.133 Safari/537.36'),
	(40, 23, '127.0.0.1', 'Mozilla/5.0 (Windows NT 6.3; Win64; x64) AppleWebKit/537.36 (KHTML, like Gecko) Chrome/57.0.2987.133 Safari/537.36'),
	(41, 23, '127.0.0.1', 'Mozilla/5.0 (Windows NT 6.3; Win64; x64) AppleWebKit/537.36 (KHTML, like Gecko) Chrome/57.0.2987.133 Safari/537.36'),
	(42, 23, '127.0.0.1', 'Mozilla/5.0 (Windows NT 6.3; Win64; x64) AppleWebKit/537.36 (KHTML, like Gecko) Chrome/57.0.2987.133 Safari/537.36'),
	(43, 23, '127.0.0.1', 'Mozilla/5.0 (Windows NT 6.3; Win64; x64) AppleWebKit/537.36 (KHTML, like Gecko) Chrome/57.0.2987.133 Safari/537.36'),
	(44, 23, '127.0.0.1', 'Mozilla/5.0 (Windows NT 6.3; Win64; x64) AppleWebKit/537.36 (KHTML, like Gecko) Chrome/57.0.2987.133 Safari/537.36'),
	(45, 23, '127.0.0.1', 'Mozilla/5.0 (Windows NT 6.3; Win64; x64) AppleWebKit/537.36 (KHTML, like Gecko) Chrome/57.0.2987.133 Safari/537.36'),
	(46, 23, '127.0.0.1', 'Mozilla/5.0 (Windows NT 6.3; Win64; x64) AppleWebKit/537.36 (KHTML, like Gecko) Chrome/57.0.2987.133 Safari/537.36'),
	(47, 23, '127.0.0.1', 'Mozilla/5.0 (Windows NT 6.3; Win64; x64) AppleWebKit/537.36 (KHTML, like Gecko) Chrome/57.0.2987.133 Safari/537.36'),
	(48, 23, '127.0.0.1', 'Mozilla/5.0 (Windows NT 6.3; Win64; x64) AppleWebKit/537.36 (KHTML, like Gecko) Chrome/57.0.2987.133 Safari/537.36'),
	(49, 23, '127.0.0.1', 'Mozilla/5.0 (Windows NT 6.3; Win64; x64) AppleWebKit/537.36 (KHTML, like Gecko) Chrome/57.0.2987.133 Safari/537.36'),
	(50, 23, '127.0.0.1', 'Mozilla/5.0 (Windows NT 6.3; Win64; x64) AppleWebKit/537.36 (KHTML, like Gecko) Chrome/57.0.2987.133 Safari/537.36'),
	(51, 23, '127.0.0.1', 'Mozilla/5.0 (Windows NT 6.3; Win64; x64) AppleWebKit/537.36 (KHTML, like Gecko) Chrome/57.0.2987.133 Safari/537.36');
/*!40000 ALTER TABLE `success_logins` ENABLE KEYS */;


-- Дамп структуры для таблица te2.translations
CREATE TABLE IF NOT EXISTS `translations` (
  `id` int(11) NOT NULL AUTO_INCREMENT,
  `entity_type` varchar(255) DEFAULT '',
  `entity_id` int(11) DEFAULT '0',
  `language` varchar(5) NOT NULL,
  `key_name` varchar(48) NOT NULL,
  `value` text NOT NULL,
  `add` text,
  PRIMARY KEY (`id`),
  UNIQUE KEY `translations_language_key_name_unique_index` (`language`,`key_name`,`entity_type`,`entity_id`)
) ENGINE=InnoDB AUTO_INCREMENT=11 DEFAULT CHARSET=utf8;

-- Дамп данных таблицы te2.translations: ~8 rows (приблизительно)
DELETE FROM `translations`;
/*!40000 ALTER TABLE `translations` DISABLE KEYS */;
INSERT INTO `translations` (`id`, `entity_type`, `entity_id`, `language`, `key_name`, `value`, `add`) VALUES
	(1, '', 0, 'en', 'test', 'test', 'NULL'),
	(2, '', 0, 'ru', 'test', 'тест', 'NULL'),
	(3, 'companies', 1, 'en', 'about', 'about', 'NULL'),
	(4, 'companies', 1, 'ru', 'about', 'о чем-то', 'NULL'),
	(7, 'companies', 2, 'ru', 'about', 'Тест о', 'NULL'),
	(8, 'companies', 2, 'ru', 'bonus', 'Бонус', 'NULL'),
	(9, 'companies', 2, 'ru', 'privacy', 'пвврв', 'NULL'),
	(10, 'companies', 2, 'ru', 'term', 'Соглашение', 'NULL');
/*!40000 ALTER TABLE `translations` ENABLE KEYS */;


-- Дамп структуры для таблица te2.users
CREATE TABLE IF NOT EXISTS `users` (
  `id` int(10) unsigned NOT NULL AUTO_INCREMENT,
  `name` varchar(255) NOT NULL,
  `email` varchar(255) NOT NULL,
  `password` char(60) NOT NULL,
  `mustChangePassword` char(1) DEFAULT NULL,
  `active` char(1) DEFAULT NULL,
  PRIMARY KEY (`id`)
) ENGINE=InnoDB AUTO_INCREMENT=45 DEFAULT CHARSET=utf8;

-- Дамп данных таблицы te2.users: ~39 rows (приблизительно)
DELETE FROM `users`;
/*!40000 ALTER TABLE `users` DISABLE KEYS */;
INSERT INTO `users` (`id`, `name`, `email`, `password`, `mustChangePassword`, `active`) VALUES
	(1, 'An34alert111', 'ann@test.com', '$2a$08$Lx1577KNhPa9lzFYKssadetmbhaveRtCoVaOnoXXxUIhrqlCJYWCW', 'N', 'Y'),
	(2, 'Vasya34alert111', 'petya@test.com', '$2a$08$f4llgFQQnhPKzpGmY1sOuuu23nYfXYM/EVOpnjjvAmbxxDxG3pbX.', 'N', 'N'),
	(3, 'Vasya', 'vasya@test.com', '$2a$08$NQjrh9fKdMHSdpzhMj0xcOSwJQwMfpuDMzgtRyA89ADKUbsFZ94C2', 'N', 'Y'),
	(5, 'Vasya Petrov', 'vasyapetrov@test.com', '$2a$08$NQjrh9fKdMHSdpzhMj0xcOSwJQwMfpuDMzgtRyA89ADKUbsFZ94C2', 'N', 'Y'),
	(7, 'Vasya Vaskin', 'vasyavaskin@test.com', '$2a$08$NQjrh9fKdMHSdpzhMj0xcOSwJQwMfpuDMzgtRyA89ADKUbsFZ94C2', 'N', 'Y'),
	(8, 'admin', 'vimmme1@gmail.com', '$2y$08$TER4TEtIemwrcVNjSGhTUeLcweF0PNgH9tolSNWLbY6nAus4wGH1y', 'N', 'Y'),
	(10, 'new', 'new@mail.com', '$2y$08$M0xkYkp0RlpCY0JTaG96bew/8prbJn1BQMXmaZXXt5z09SkvjHFfC', 'Y', 'Y'),
	(12, 'newe', 'newe@gmail.com', '$2y$08$eVRPNmZTUS9kREZ3S1BTeOkdf7RmrU714p4ZoNpUcn11yqxVVcJ.a', 'Y', 'N'),
	(13, 'werty', 'werty@df.com', '$2y$08$aW9IQXlZMm0vak1kWWw3buswMgYFwnfo7BMW3pn7dcmndMo/QBqqe', 'Y', 'N'),
	(14, 'dgdg', 'dgdg@gmail.com', '$2y$08$L0xiWjJxWnRGaVF6OFloT.DBIgKR8A4iQKiVlfDpGKJ0AxtH2bMIm', 'Y', 'Y'),
	(15, 'tetrapak07', 'tetrapak077@gmail.com', '$2y$08$UmZpV3FwMXF1ZVF4c3gwSunHZZZ/12WA//DeR1ahY6Moglxq1Witm', 'N', NULL),
	(16, 'yutyutu', 'yutyutu@mail.con', '$2y$08$V0FodXZOYW9WaEs1Sm9Gduhd.eNvvxe.bxDo7zn6Ccl7dApDjUeh6', 'Y', 'Y'),
	(17, 'fgjfj>', 'test@test.com', '$2y$08$Q1hYUm91VnRWU1dFSjljM.N543HYJ92r7J1ahMLFTwk7untyh1G8C', 'N', NULL),
	(18, 'fgjfj>', 'testnn@test.com', '$2y$08$WENjODhkcnlEbmhkM0kzTuB6e/O1OJO0mFwZncPSQH32lKc91ouqW', 'N', NULL),
	(19, 'Vasya34alert111', 'gfg@gmail.com', '$2y$08$NUdpYkIvckRsV29ieHdlM.19hvqen1076FFyYZvQDYexiSB8z4mfe', 'N', 'Y'),
	(20, 'gjgjghj;;&#39;\\///', 'tetdfgr@gmail.com', '$2y$08$Unl4Rko5RVZyYi93NFhUZOI.1gWW7XkX5PqnAhL72v8ZFP/RjvKm2', 'N', 'Y'),
	(21, 'Vasya&#34;>alert(111)', 'dhfhfhfh@mail.com', '$2y$08$eXZUYjVkKzVraEJqajBmduHgopAn1S9aok8HKV50OAvQiqwxPtiGW', 'N', 'Y'),
	(23, 'Admin', 'tetrapak07@gmail.com', '$2y$08$b0dCSjZWMGNTOVJWckJIUef8yt4CWy10AYD/sggJjZQlpCSg2sco2', 'N', 'Y'),
	(24, 'qwertyu', 'qwertyu@mail.ru', '$2y$08$THpSWW56QzhzOGpZSTRrVOPB/YZZVBPOkeEQw3cZQsdFqVuhA8X42', NULL, NULL),
	(25, 'qwertyu', 'qwertyu@mail.ru', '$2y$08$ZjZ6RFV3b21EQTRQV1hlN..RtdHlQuw8wEADSPq5x5E8b0/LTHDEq', NULL, NULL),
	(26, 'ttyrtyry', 'ttyrtyry@mail.r', '$2y$08$V1BmdHhMU3lWeUVxa0MyRu1EV/xJWegaX3kC0/BNs6dgIvJ3LB6h.', NULL, NULL),
	(27, 'fhfghfgh', 'fhfghfgh2@mail.ry', '$2y$08$UThTcGY3Vm81dHEwWDhhaubbpioc5EVRd3pTWxyENMeCJQw.d2Bua', NULL, NULL),
	(28, 'fhfghfgh', 'fhfghfgh2@mail.ry', '$2y$08$OFhxYTU0MG5VRStpUVMyNesJvly.65evAwIY5RPZvrpeEGcfvAxiK', NULL, NULL),
	(29, 'fhfghfgh', 'fhfghfgh2@mail.ry', '$2y$08$aGI2eXI3Q3RwYXJsd0FrauEi7UbcPBcyYcncJTa.b3NEPfuS7kauW', NULL, NULL),
	(30, 'fhfghfgh', 'fhfghfgh2@mail.ry', '$2y$08$aWttR1dySUs2YUtDNzBNae3dPyUwRqZ.dSry6Kqt/1qW27tnckDSy', NULL, NULL),
	(31, 'fhfghfgh', 'fhfghfgh2@mail.ry', '$2y$08$anE5ZnUvcVZCOEhCT1V0MudmQLPPGP8t4eg3MSy1Mvad/JtLU2PbK', NULL, NULL),
	(32, 'fhfghfgh', 'fhfghfgh2@mail.ry', '$2y$08$MkUzL05kRktuZ1BMNlVkVezHxSWaRgYcqD3wVtkjB8osXX.i9fnS6', NULL, NULL),
	(33, 'fhfghfgh', 'fhfghfgh2@mail.ry', '$2y$08$WHlmYVdOOWdYdnNRcTFTM.XU8ilBm498889KWPhf9oP3d7P4YZ/s2', NULL, NULL),
	(34, 'gjkghkjhjg', 'gjkghkjhjg@gmail.com', '$2y$08$Q0ZqTVNlRnR4eCtXZmpQNe6Or92n7Po2XhWf6b2dplGGuVFT.T.0e', NULL, NULL),
	(35, '1233tjjjj', 'gghh@fg.ty', '$2y$08$K3VvYXVZK3VISjEwR0RaM.ycEfwd0XmiDOXpO2TH17Cz9NRuaWGly', NULL, NULL),
	(36, '1233tjjjj', 'gghh@fg.ty', '$2y$08$d2hjUXhzNzBUOHFhcklTNuzxXd2ARdsIhOjB0oZIpZykU/PD667iq', NULL, NULL),
	(37, '1233tjjjj', 'gghh@fg.ty', '$2y$08$bitlNUFhVmwzcW0vVnZBOOahqUx.D.nsim1.5wK5yLJm.XZ9QF7M.', NULL, NULL),
	(38, 'fhfghfgh', 'fhfghfgh2g@mail.ry', '$2y$08$K3hoTnREV3J5alFkZ0NyZ.gW8FYQG5TCS9rI6mxHfYxGQMfmtBxoW', NULL, NULL),
	(39, 'fhhfgh@fg.tu', 'fhhfgh@fg.tu', '$2y$08$bTdTK01hN3RNVTFWUVM4c.JzAPd1x08vf67DHWLkuvQcOM/.rgad2', NULL, NULL),
	(40, 'tyrtyrtyrt', 'tyrtyrtyrt@m.ru', '$2y$08$RnVhdTlLNDQ2S0lZeDNNV.OGrcMOhOCuduwwirfEZku4rHw7ogXaK', NULL, NULL),
	(41, 'fghfgh', 'vimmme1@gmail.com', '$2y$08$ckxlQVJBcGgxWnArNzM2Zel24eglUq4A/TCiZn/3iYM9hkJvd6RL2', NULL, NULL),
	(42, 'fhfghgfh', 'fhfghfghfgh@mail.ru', '$2y$08$cURvMUs5MXJoY0tGMHhPOOinxH/76wEwvmGXegTQC6fTSCJ3MLIV2', NULL, NULL),
	(43, 'fhfghgfh', 'fhfghfghfgh@mail.ru', '$2y$08$Y3k2NUFRa0tMNHI3ZW9mNOfertKYqwWSKwbZaN3m4xM1a04rEriwy', NULL, NULL),
	(44, 'fhfghgfh', 'fhfghfghfgh@mail.ru', '$2y$08$ZkNZYUtHTEVmL2FuMXl5VeGij6FRRTsQuj37pFSzHHHuEQ.gA7Pb2', NULL, NULL);
/*!40000 ALTER TABLE `users` ENABLE KEYS */;


-- Дамп структуры для таблица te2.users_groups
CREATE TABLE IF NOT EXISTS `users_groups` (
  `id` int(10) unsigned NOT NULL AUTO_INCREMENT,
  `userId` int(10) unsigned NOT NULL,
  `groupId` int(10) unsigned NOT NULL,
  PRIMARY KEY (`id`),
  KEY `fk_users_groups_1_idx` (`userId`),
  KEY `fk_users_groups_2_idx` (`groupId`),
  CONSTRAINT `fk_users_groups_1` FOREIGN KEY (`userId`) REFERENCES `users` (`id`) ON DELETE CASCADE ON UPDATE CASCADE,
  CONSTRAINT `fk_users_groups_2` FOREIGN KEY (`groupId`) REFERENCES `groups` (`id`) ON DELETE CASCADE ON UPDATE CASCADE
) ENGINE=InnoDB AUTO_INCREMENT=85 DEFAULT CHARSET=utf8;

-- Дамп данных таблицы te2.users_groups: ~21 rows (приблизительно)
DELETE FROM `users_groups`;
/*!40000 ALTER TABLE `users_groups` DISABLE KEYS */;
INSERT INTO `users_groups` (`id`, `userId`, `groupId`) VALUES
	(5, 5, 1),
	(6, 5, 2),
	(8, 8, 1),
	(9, 8, 2),
	(34, 12, 1),
	(35, 12, 2),
	(36, 13, 1),
	(37, 13, 3),
	(38, 14, 1),
	(65, 10, 2),
	(69, 3, 1),
	(70, 3, 2),
	(71, 3, 3),
	(72, 16, 1),
	(73, 16, 3),
	(77, 19, 1),
	(78, 2, 1),
	(79, 2, 3),
	(82, 20, 1),
	(83, 21, 2),
	(84, 23, 1);
/*!40000 ALTER TABLE `users_groups` ENABLE KEYS */;
/*!40101 SET SQL_MODE=IFNULL(@OLD_SQL_MODE, '') */;
/*!40014 SET FOREIGN_KEY_CHECKS=IF(@OLD_FOREIGN_KEY_CHECKS IS NULL, 1, @OLD_FOREIGN_KEY_CHECKS) */;
/*!40101 SET CHARACTER_SET_CLIENT=@OLD_CHARACTER_SET_CLIENT */;
